glyph,en_tts,zh_tts,en_keywords,zh_keywords,source
!,exclamation mark,感叹号,bang | exclamation | mark | point,惊叹号 | 惊心动魄 | 感叹 | 感叹号,CLDR release-46 annotations
#,hash sign,井号,hash | hashtag | lb | number | pound | sign,主题符号 | 井号 | 编号,CLDR release-46 annotations
$,dollar,美元符号,dollar | money | peso | USD,比索 | 美元 | 美元符号 | 金钱,CLDR release-46 annotations
%,percent,百分号,cent | per | per-cent | percent,百分号 | 百分比,CLDR release-46 annotations
&,ampersand,与号,ampersand | and | et,与号 | 和 | 等,CLDR release-46 annotations
',typewriter apostrophe,打字机撇号,apostrophe | quote | single | typewriter,单引号 | 引号 | 打字机撇号 | 撇号,CLDR release-46 annotations
),close parenthesis,右括号,bracket | close | paren | parens | parenthesis | round,右括号 | 圆括号 | 括号 | 括弧,CLDR release-46 annotations
*,asterisk,星号,asterisk | star | wildcard,星号 | 星形 | 通配符,CLDR release-46 annotations
+,plus sign,加号,add | plus | sign,加 | 加号 | 相加,CLDR release-46 annotations
",",comma,逗号,comma,逗号,CLDR release-46 annotations
-,hyphen-minus,连字符-负号,dash | hyphen | hyphen-minus | minus,横线 | 负号 | 连字符 | 连字符-负号,CLDR release-46 annotations
.,period,句点,dot | full | period | stop,句点 | 圆点,CLDR release-46 annotations
/,slash,斜杠,oblique | slash | solidus | stroke | virgule | whack,倾斜 | 划掉 | 斜杠 | 斜线符号 | 短斜线,CLDR release-46 annotations
:,colon,冒号,colon,冒号,CLDR release-46 annotations
;,semicolon,分号,semi-colon | semicolon,分号,CLDR release-46 annotations
<,less-than,小于,less | less-than | open | tag | than,小于 | 标记 | 起始标记,CLDR release-46 annotations
=,equal,等号,equal | equals,相等 | 等于 | 等号,CLDR release-46 annotations
>,greater-than,大于,close | greater | greater-than | tag | than,大于 | 标记 | 结束标记,CLDR release-46 annotations
?,question mark,问号,mark | question,问号,CLDR release-46 annotations
@,at-sign,@ 符号,ampersat | arobase | arroba | at | at-sign | commercial | mark | sign | strudel,@ 符号 | 单价记号,CLDR release-46 annotations
[,open square bracket,左方括号,bracket | crotchet | open | square,四分音符 | 左方括号 | 括号 | 方括号,CLDR release-46 annotations
\,backslash,反斜杠,backslash | reverse | solidus | whack,反向斜线 | 反斜杠,CLDR release-46 annotations
],close square bracket,右方括号,bracket | close | crotchet | square,右方括号 | 四分音符 | 括号 | 方括号,CLDR release-46 annotations
^,circumflex accent,抑扬音符号,accent | caret | chevron | circumflex | control | hat | pointer | power | sign | wedge | xor,人字形标记 | 帽子 | 幂 | 抑扬音 | 抑扬音符号 | 指针 | 按位异或符号 | 控制 | 楔子 | 补字符 | 重音,CLDR release-46 annotations
_,low line,低线,dash | line | low | underdash | underline,下划线 | 下横线 | 低线 | 横线 | 线条,CLDR release-46 annotations
`,grave accent,抑音符,accent | grave | tone,抑音符 | 沉重 | 语调 | 重音符号,CLDR release-46 annotations
{,open curly bracket,左花括号,brace | bracket | curly | gullwing | open,大括号 | 左花括号 | 括号 | 花括号 | 鸥翼,CLDR release-46 annotations
|,vertical line,竖线,bar | line | pike | pipe | sheffer | stick | stroke | vbar | vertical,杆 | 竖条 | 竖线 | 管线 | 线 | 线条 | 谢费尔竖线,CLDR release-46 annotations
},close curly bracket,右花括号,brace | bracket | close | curly | gullwing,右花括号 | 大括号 | 括号 | 花括号 | 鸥翼,CLDR release-46 annotations
~,tilde,波浪号,tilde,波浪号,CLDR release-46 annotations
¡,inverted exclamation mark,倒置的感叹号,bang | exclamation | inverted | mark | point,倒置 | 倒置的感叹号 | 惊叹号 | 感叹 | 感叹号 | 猛撞,CLDR release-46 annotations
¢,cent,美分,cent,美分,CLDR release-46 annotations
£,pound,英镑符号,currency | EGP | GBP | pound,英镑 | 英镑符号 | 货币 | 镑,CLDR release-46 annotations
¥,yen,元符号,CNY | currency | JPY | yen | yuan,中国 | 人民币 | 元 | 元符号 | 日元 | 日本 | 货币,CLDR release-46 annotations
§,section,章节符号,paragraph | part | section | silcrow,双S | 段落 | 部分 | 章节 | 章节符号,CLDR release-46 annotations
¨,diaeresis,分音符号,diaeresis | tréma | umlaut,元音变音 | 分音符 | 分音符号,CLDR release-46 annotations
©,copyright,版权,C | copyright,版权,CLDR release-46 annotations
«,left guillemet,左燕尾号,angle | brackets | carets | chevron | guillemet | left | quote,尾巴 | 左 | 左燕尾号 | 引用 | 方框 | 燕子 | 角,CLDR release-46 annotations
¬,negation,非,negation | not,否 | 非,CLDR release-46 annotations
®,registered,注册,R | registered,注册 | 注册标记,CLDR release-46 annotations
°,degree,度,degree | hour | proof,度 | 度数 | 时角 | 标准酒精度,CLDR release-46 annotations
±,plus-minus,正负,plus-minus,正负,CLDR release-46 annotations
²,superscript two,上标2,squared | superscript | two,2 | 上标 | 上标2 | 平方,CLDR release-46 annotations
³,superscript three,上标3,cubed | superscript | three,3 | 上标 | 上标3 | 立方,CLDR release-46 annotations
´,acute accent,重音符号,accent | acute | tone,尖锐 | 语调 | 重音符号,CLDR release-46 annotations
µ,micro sign,微符号,measure | micro | sign,度量 | 微符号,CLDR release-46 annotations
¶,paragraph mark,段落标记,alinea | mark | paragraph | paraph | pilcrow,段落 | 段落标记 | 段落符号,CLDR release-46 annotations
·,middle dot,间隔号,dot | interpunct | middle | middot,中点 | 中间 | 点 | 间隔号,CLDR release-46 annotations
¹,superscript one,上标1,one | superscript,1 | 上标 | 上标1,CLDR release-46 annotations
»,right guillemet,右燕尾号,angle | brackets | carets | chevron | guillemet | quote | right,右 | 右燕尾号 | 尾巴 | 引用 | 方框 | 燕子 | 角,CLDR release-46 annotations
¿,inverted question mark,倒置的问号,inverted | mark | question,倒置 | 倒置的问号 | 疑问 | 问号,CLDR release-46 annotations
×,multiplication sign,乘号,multiplication | multiply | sign | times,乘以 | 乘号 | 乘法 | 乘积 | 倍数,CLDR release-46 annotations
÷,division sign,除号,divide | division | obelus | sign,商数 | 除以 | 除号 | 除商 | 除法,CLDR release-46 annotations
،,arabic comma,阿拉伯文逗号,arabic | comma,逗号 | 阿拉伯 | 阿拉伯文逗号,CLDR release-46 annotations
؛,arabic semicolon,阿拉伯文分号,arabic | semi-colon | semicolon,分号 | 阿拉伯 | 阿拉伯文分号,CLDR release-46 annotations
؟,arabic question mark,阿拉伯文问号,arabic | mark | question,疑问 | 问号 | 阿拉伯 | 阿拉伯文问号,CLDR release-46 annotations
‐,hyphen,连字符,dash | hyphen,横线 | 连字符,CLDR release-46 annotations
–,en dash,连接号,dash | en,横线 | 短划线 | 连接号,CLDR release-46 annotations
—,em dash,破折号,dash | em,横线 | 破折号 | 长划线,CLDR release-46 annotations
―,horizontal bar,横条,bar | dash | horizontal | line,条形 | 横条 | 横线 | 线条,CLDR release-46 annotations
‘,left apostrophe,左撇号,apostrophe | left | quote | single | smart,单引号 | 左撇号 | 引号 | 撇号 | 花引号,CLDR release-46 annotations
’,right apostrophe,右撇号,apostrophe | quote | right | single | smart,单引号 | 右撇号 | 引号 | 撇号 | 花引号,CLDR release-46 annotations
‚,low right apostrophe,低右撇号,apostrophe | low | quote | right,低右撇号 | 低引号 | 引号 | 撇号,CLDR release-46 annotations
“,left quotation mark,左双引号,double | left | mark | quotation | quote | smart,双引号 | 左双引号 | 引号 | 引用 | 花引用,CLDR release-46 annotations
”,right quotation mark,右双引号,double | mark | quotation | quote | right | smart,双引号 | 右双引号 | 引号 | 引用 | 花引号,CLDR release-46 annotations
„,low right quotation mark,低右双引号,double | low | mark | quotation | quote | right | smart,低右双引号 | 低引号 | 双引号 | 引号 | 引用 | 花引号,CLDR release-46 annotations
†,dagger sign,剑号,dagger | obelisk | obelus | sign,剑 | 剑号 | 十字架,CLDR release-46 annotations
‡,double dagger sign,双剑号,dagger | double | obelisk | obelus | sign,剑 | 剑号 | 双 | 双剑号,CLDR release-46 annotations
•,bullet,项目符号,bullet | dot,圆点 | 项目符号,CLDR release-46 annotations
…,ellipsis,省略号,dots | ellipsis | omission,多个圆点 | 省略 | 省略号,CLDR release-46 annotations
‧,hyphenation point,连字符点,dash | hyphen | hyphenation | point,点 | 破折号 | 连字符 | 连字符点,CLDR release-46 annotations
‰,per mille,千分号,mil | mille | per | permil | permille,千分号 | 千分比,CLDR release-46 annotations
′,prime,角分符号,prime,角分符号,CLDR release-46 annotations
″,double prime,角秒符号,double | prime,角秒符号,CLDR release-46 annotations
‴,triple prime,三撇,prime | triple,三撇,CLDR release-46 annotations
‸,caret,脱字符,caret,脱字符,CLDR release-46 annotations
※,reference mark,参考标记,mark | reference,参考标记,CLDR release-46 annotations
‼,double exclamation mark,双感叹号,! | !! | bangbang | double | exclamation | mark | punctuation,！ | ！！ | 两个 | 双叹号 | 双感叹号 | 叹号 | 吃惊 | 标点符号,CLDR release-46 annotations
‽,interrobang,疑问惊叹号,interabang | interrobang,疑问惊叹号,CLDR release-46 annotations
‾,overline,上划线,overline | overstrike | vinculum,上划线,CLDR release-46 annotations
⁂,asterism,星群,asterism | dinkus | stars,星群,CLDR release-46 annotations
⁄,fraction slash,分数斜线,fraction | slash | stroke | virgule,分数斜线,CLDR release-46 annotations
⁉,exclamation question mark,感叹疑问号,! | !? | ? | exclamation | interrobang | mark | punctuation | question,！ | ！？ | ？ | 叹号 | 叹号加问号 | 吃惊 | 感叹疑问号 | 标点符号 | 疑问惊叹号 | 问号,CLDR release-46 annotations
⁻,superscript minus,上标减号,minus | superscript,上标 | 减号,CLDR release-46 annotations
₢,cruzeiro,克鲁赛罗,BRB | cruzeiro | currency,克鲁赛罗,CLDR release-46 annotations
₣,french franc,法国法郎,currency | franc | french,法国法郎,CLDR release-46 annotations
₤,lira,里拉,currency | lira,里拉,CLDR release-46 annotations
₥,mill,密尔,mil | mill,密尔,CLDR release-46 annotations
₨,rupee,卢比,currency | rupee,卢比,CLDR release-46 annotations
₩,won,韩元,KPW | KRW | won,朝鲜元 | 韩元,CLDR release-46 annotations
€,euro,欧元符号,currency | EUR | euro,欧元 | 欧元区 | 欧元符号 | 欧洲 | 货币,CLDR release-46 annotations
₰,german penny,德国便士,currency | german | penny | pfennig,德国便士,CLDR release-46 annotations
₱,peso,比索,peso,比索,CLDR release-46 annotations
₳,austral,奥斯特拉尔,ARA | austral | currency,奥斯特拉尔,CLDR release-46 annotations
₶,livre tournois,里弗尔,currency | livre | tournois,里弗尔,CLDR release-46 annotations
₷,spesmilo,斯佩斯米洛,currency | spesmilo,斯佩斯米洛,CLDR release-46 annotations
₹,indian rupee,印度卢比符号,currency | indian | rupee,卢比 | 印度卢比 | 印度卢比符号 | 货币,CLDR release-46 annotations
₽,ruble,卢布符号,currency | ruble,俄罗斯 | 俄罗斯卢布 | 卢布 | 卢布符号 | 货币,CLDR release-46 annotations
₿,bitcoin,比特币,bitcoin | BTC,BTC | 比特币,CLDR release-46 annotations
℗,sound recording copyright,录音版权,copyright | recording | sound,录音 | 录音版权 | 版权 | 音频,CLDR release-46 annotations
™,trade mark,商标,mark | TM | trade | trademark,产品 | 商标 | 标志,CLDR release-46 annotations
ℹ,information,信息,I | information,信息 | 信息中心 | 查询 | 资料,CLDR release-46 annotations
←,left-pointing arrow,向左的箭头,arrow | left | left-pointing,向左的箭头 | 左 | 箭头,CLDR release-46 annotations
↑,up-pointing arrow,向上的箭头,arrow | up | up-pointing,上 | 向上的箭头 | 箭头,CLDR release-46 annotations
→,right-pointing arrow,向右的箭头,arrow | right | right-pointing,右 | 向右的箭头 | 箭头,CLDR release-46 annotations
↓,down-pointing arrow,向下的箭头,arrow | down | down-pointing,下 | 向下的箭头 | 箭头,CLDR release-46 annotations
↔,left-right arrow,左右箭头,arrow | left-right,左右 | 左右箭头 | 箭头,CLDR release-46 annotations
↕,up-down arrow,上下箭头,arrow | up-down,上下 | 上下箭头 | 箭头,CLDR release-46 annotations
↖,up-left arrow,左上箭头,arrow | direction | intercardinal | northwest | up-left,左上 | 左上箭头 | 方向 | 标识 | 箭头 | 西北,CLDR release-46 annotations
↗,up-right arrow,右上箭头,arrow | direction | intercardinal | northeast | up-right,东北 | 右上 | 右上箭头 | 方位 | 方向 | 标识 | 箭头,CLDR release-46 annotations
↘,down-right arrow,右下箭头,arrow | direction | down-right | intercardinal | southeast,东南 | 右下 | 右下箭头 | 方位 | 方向 | 标识 | 箭头,CLDR release-46 annotations
↙,down-left arrow,左下箭头,arrow | direction | down-left | intercardinal | southwest,左下 | 左下箭头 | 方向 | 标识 | 箭头 | 西南,CLDR release-46 annotations
↚,leftwards arrow stroke,带删除线的向左箭头,arrow | leftwards | stroke,带删除线的向左箭头,CLDR release-46 annotations
↛,rightwards arrow stroke,带删除线的向右箭头,arrow | rightwards | stroke,带删除线的向右箭头,CLDR release-46 annotations
↜,leftwards wave arrow,向左波浪箭头,arrow | leftwards | wave,向左波浪箭头,CLDR release-46 annotations
↝,rightwards wave arrow,向右波浪箭头,arrow | rightwards | wave,向右波浪箭头,CLDR release-46 annotations
↞,leftwards two headed arrow,向左双头箭头,arrow | headed | leftwards | two,向左双头箭头,CLDR release-46 annotations
↟,upwards two headed arrow,向上双头箭头,arrow | headed | two | upwards,向上双头箭头,CLDR release-46 annotations
↠,rightwards two headed arrow,向右双头箭头,arrow | headed | rightwards | two,向右双头箭头,CLDR release-46 annotations
↡,downwards two headed arrow,向下双头箭头,arrow | downwards | headed | two,向下双头箭头,CLDR release-46 annotations
↢,leftwards arrow tail,带尾的向左箭头,arrow | leftwards | tail,带尾的向左箭头,CLDR release-46 annotations
↣,rightwards arrow tail,带尾的向右箭头,arrow | rightwards | tail,带尾的向右箭头,CLDR release-46 annotations
↤,leftwards arrow from bar,尾部带杠的向左箭头,arrow | bar | from | leftwards,尾部带杠的向左箭头,CLDR release-46 annotations
↥,upwards arrow from bar,尾部带杠的向上箭头,arrow | bar | from | upwards,尾部带杠的向上箭头,CLDR release-46 annotations
↦,rightwards arrow from bar,尾部带杠的向右箭头,arrow | bar | from | rightwards,尾部带杠的向右箭头,CLDR release-46 annotations
↧,downwards arrow from bar,尾部带杠的向下箭头,arrow | bar | downwards | from,尾部带杠的向下箭头,CLDR release-46 annotations
↨,up down arrow with base,带底边的上下箭头,arrow | base | down | up | with,带底边的上下箭头,CLDR release-46 annotations
↩,right arrow curving left,右转弯箭头,arrow | curving | left | right,右转弯 | 右转弯箭头 | 向左弯曲的右箭头 | 箭头,CLDR release-46 annotations
↪,left arrow curving right,左转弯箭头,arrow | curving | left | right,向右弯曲的左箭头 | 左转弯 | 左转弯箭头 | 箭头,CLDR release-46 annotations
↫,leftwards arrow loop,尾部带环的向左箭头,arrow | leftwards | loop,尾部带环的向左箭头,CLDR release-46 annotations
↬,rightwards arrow loop,尾部带环的向右箭头,arrow | loop | rightwards,尾部带环的向右箭头,CLDR release-46 annotations
↭,left right wave arrow,左右波浪箭头,arrow | left | right | wave,左右波浪箭头,CLDR release-46 annotations
↮,left right arrow stroke,带删除线的左右箭头,arrow | left | right | stroke,带删除线的左右箭头,CLDR release-46 annotations
↯,downwards zigzag arrow,向下锯齿形箭头,arrow | downwards | zigzag,向下锯齿形箭头,CLDR release-46 annotations
↰,upwards arrow tip leftwards,头朝左的向上箭头,arrow | leftwards | tip | upwards,头朝左的向上箭头,CLDR release-46 annotations
↱,upwards arrow tip rightwards,头朝右的向上箭头,arrow | rightwards | tip | upwards,头朝右的向上箭头,CLDR release-46 annotations
↲,downwards arrow tip leftwards,头朝左的向下箭头,arrow | downwards | leftwards | tip,头朝左的向下箭头,CLDR release-46 annotations
↳,downwards arrow tip rightwards,头朝右的向下箭头,arrow | downwards | rightwards | tip,头朝右的向下箭头,CLDR release-46 annotations
↴,rightwards arrow corner downwards,下拐的向右箭头,arrow | corner | downwards | rightwards,下拐的向右箭头,CLDR release-46 annotations
↵,downwards arrow corner leftwards,左拐的向下箭头,arrow | corner | downwards | leftwards,左拐的向下箭头,CLDR release-46 annotations
↶,anticlockwise top semicircle arrow,逆时针上半圆箭头,anticlockwise | arrow | semicircle | top,逆时针上半圆箭头,CLDR release-46 annotations
↷,clockwise top semicircle arrow,顺时针上半圆箭头,arrow | clockwise | semicircle | top,顺时针上半圆箭头,CLDR release-46 annotations
↸,north west arrow long bar,指向长杠的西北箭头,arrow | bar | long | north | west,指向长杠的西北箭头,CLDR release-46 annotations
↹,leftwards over rightwards arrow bars,上面是头带杠的向左箭头，下面是头带杠的向右箭头,arrow | bar | bars | leftwards | over | rightwards,上面是头带杠的向左箭头，下面是头带杠的向右箭头,CLDR release-46 annotations
↺,anticlockwise open circle arrow,逆时针开口圆箭头,anticlockwise | arrow | circle | open,逆时针开口圆箭头,CLDR release-46 annotations
↻,clockwise open circle arrow,顺时针开口圆箭头,arrow | circle | clockwise | open,顺时针开口圆箭头,CLDR release-46 annotations
↼,leftwards harpoon barb upwards,倒钩在上的向左鱼叉,barb | harpoon | leftwards | upwards,倒钩在上的向左鱼叉,CLDR release-46 annotations
↽,leftwards harpoon barb downwards,倒钩在下的向左鱼叉,barb | downwards | harpoon | leftwards,倒钩在下的向左鱼叉,CLDR release-46 annotations
↾,upwards harpoon barb rightwards,倒钩在右的向上鱼叉,barb | harpoon | rightwards | upwards,倒钩在右的向上鱼叉,CLDR release-46 annotations
↿,upwards harpoon barb leftwards,倒钩在左的向上鱼叉,barb | harpoon | leftwards | upwards,倒钩在左的向上鱼叉,CLDR release-46 annotations
⇀,rightwards harpoon barb upwards,倒钩在上的向右鱼叉,barb | harpoon | rightwards | upwards,倒钩在上的向右鱼叉,CLDR release-46 annotations
⇁,rightwards harpoon barb downwards,倒钩在下的向右鱼叉,barb | downwards | harpoon | rightwards,倒钩在下的向右鱼叉,CLDR release-46 annotations
⇂,downwards harpoon barb rightwards,倒钩在右的向下鱼叉,barb | downwards | harpoon | rightwards,倒钩在右的向下鱼叉,CLDR release-46 annotations
⇃,downwards harpoon barb leftwards,倒钩在左的向下鱼叉,barb | downwards | harpoon | leftwards,倒钩在左的向下鱼叉,CLDR release-46 annotations
⇄,rightwards arrow over leftwards arrow,上面是向右箭头，下面是向左箭头,arrow | leftwards | over | rightwards,上面是向右箭头，下面是向左箭头,CLDR release-46 annotations
⇅,up-pointing and down-pointing arrows,左上右下两个箭头,and | arrow | arrows | down | down-pointing | up | up-pointing,上 | 下 | 左上右下两个箭头 | 箭头,CLDR release-46 annotations
⇆,left-pointing over right-pointing arrows,上左下右两个箭头,arrow | arrows | left | left-pointing | over | right | right-pointing,上左下右两个箭头 | 右 | 左 | 箭头,CLDR release-46 annotations
⇇,leftwards paired arrows,两个向左箭头,arrows | leftwards | paired,两个向左箭头,CLDR release-46 annotations
⇈,upwards paired arrows,两个向上箭头,arrows | paired | upwards,两个向上箭头,CLDR release-46 annotations
⇉,rightwards paired arrows,两个向右箭头,arrows | paired | rightwards,两个向右箭头,CLDR release-46 annotations
⇊,downwards paired arrows,两个向下箭头,arrows | downwards | paired,两个向下箭头,CLDR release-46 annotations
⇋,leftwards harpoon over rightwards harpoon,上面是向左鱼叉，下面是向右鱼叉,harpoon | leftwards | over | rightwards,上面是向左鱼叉，下面是向右鱼叉,CLDR release-46 annotations
⇌,rightwards harpoon over leftwards harpoon,上面是向右鱼叉，下面是向左鱼叉,harpoon | leftwards | over | rightwards,上面是向右鱼叉，下面是向左鱼叉,CLDR release-46 annotations
⇍,leftwards double arrow stroke,带删除线的向左双箭头,arrow | double | leftwards | stroke,带删除线的向左双箭头,CLDR release-46 annotations
⇎,left right double arrow stroke,带删除线的左右双箭头,arrow | double | left | right | stroke,带删除线的左右双箭头,CLDR release-46 annotations
⇏,rightwards double arrow stroke,带删除线的向右双箭头,arrow | double | rightwards | stroke,带删除线的向右双箭头,CLDR release-46 annotations
⇐,leftwards double arrow,向左双箭头,arrow | double | leftwards,向左双箭头,CLDR release-46 annotations
⇑,upwards double arrow,向上双箭头,arrow | double | upwards,向上双箭头,CLDR release-46 annotations
⇒,rightwards double arrow,向右双箭头,arrow | double | rightwards,向右双箭头,CLDR release-46 annotations
⇓,downwards double arrow,向下双箭头,arrow | double | downwards,向下双箭头,CLDR release-46 annotations
⇔,left right double arrow,左右双箭头,arrow | double | left | right,左右双箭头,CLDR release-46 annotations
⇖,north west double arrow,西北双箭头,arrow | double | north | west,西北双箭头,CLDR release-46 annotations
⇗,north east double arrow,东北双箭头,arrow | double | east | north,东北双箭头,CLDR release-46 annotations
⇘,south east double arrow,东南双箭头,arrow | double | east | south,东南双箭头,CLDR release-46 annotations
⇙,south west double arrow,西南双箭头,arrow | double | south | west,西南双箭头,CLDR release-46 annotations
⇚,leftwards triple arrow,向左三箭头,arrow | leftwards | triple,向左三箭头,CLDR release-46 annotations
⇛,rightwards triple arrow,向右三箭头,arrow | rightwards | triple,向右三箭头,CLDR release-46 annotations
⇜,leftwards squiggle arrow,向左曲线箭头,arrow | leftwards | squiggle,向左曲线箭头,CLDR release-46 annotations
⇝,rightwards squiggle arrow,向右曲线箭头,arrow | rightwards | squiggle,向右曲线箭头,CLDR release-46 annotations
⇞,upwards arrow double stroke,带双删除线的向上箭头,arrow | double | stroke | upwards,带双删除线的向上箭头,CLDR release-46 annotations
⇟,downwards arrow double stroke,带双删除线的向下箭头,arrow | double | downwards | stroke,带双删除线的向下箭头,CLDR release-46 annotations
⇠,leftwards dashed arrow,向左虚线箭头,arrow | dashed | leftwards,向左虚线箭头,CLDR release-46 annotations
⇡,upwards dashed arrow,向上虚线箭头,arrow | dashed | upwards,向上虚线箭头,CLDR release-46 annotations
⇢,rightwards dashed arrow,向右虚线箭头,arrow | dashed | rightwards,向右虚线箭头,CLDR release-46 annotations
⇣,downwards dashed arrow,向下虚线箭头,arrow | dashed | downwards,向下虚线箭头,CLDR release-46 annotations
⇤,leftwards arrow bar,头带杠的向左箭头,arrow | bar | leftwards,头带杠的向左箭头,CLDR release-46 annotations
⇥,rightwards arrow bar,头带杠的向右箭头,arrow | bar | rightwards,头带杠的向右箭头,CLDR release-46 annotations
⇦,leftwards hollow arrow,向左空心箭头,arrow | hollow | leftwards,向左空心箭头,CLDR release-46 annotations
⇧,upwards hollow arrow,向上空心箭头,arrow | hollow | upwards,向上空心箭头,CLDR release-46 annotations
⇨,rightwards hollow arrow,向右空心箭头,arrow | hollow | rightwards,向右空心箭头,CLDR release-46 annotations
⇩,downwards hollow arrow,向下空心箭头,arrow | downwards | hollow,向下空心箭头,CLDR release-46 annotations
⇪,upwards hollow arrow from bar,尾部带杠的向上空心箭头,arrow | bar | from | hollow | upwards,尾部带杠的向上空心箭头,CLDR release-46 annotations
⇵,downwards arrow leftwards upwards arrow,左边是向下箭头，右边是向上箭头,arrow | downwards | leftwards | upwards,左边是向下箭头，右边是向上箭头,CLDR release-46 annotations
∀,for all,全称量词,all | any | for | given | universal,全称量词,CLDR release-46 annotations
∂,partial differential,偏微分,differential | partial,偏微分,CLDR release-46 annotations
∃,there exists,存在量词,exists | there,存在量词,CLDR release-46 annotations
∅,empty set,空集,empty | mathematics | operator | set,空集,CLDR release-46 annotations
∆,increment,增量,increment | triangle,三角 | 增量,CLDR release-46 annotations
∇,nabla,向量微分,nabla | triangle,倒三角 | 向量微分,CLDR release-46 annotations
∈,element of,是...的元素,contains | element | membership | of | set,元素 | 包含 | 成员 | 是...的元素 | 集合,CLDR release-46 annotations
∉,not an element,不属于,an | element | not,不属于,CLDR release-46 annotations
∋,contains as member,包含为成员,as | contains | element | member,包含为成员,CLDR release-46 annotations
∎,end proof,证明完毕,end | halmos | proof | q.e.d. | qed | tombstone,证明完毕,CLDR release-46 annotations
∏,n-ary product,N元乘积,logic | n-ary | product,N元乘积,CLDR release-46 annotations
∑,n-ary summation,N元求和,mathematics | n-ary | summation,N元求和,CLDR release-46 annotations
−,minus sign,减号,minus | sign | subtract,减 | 减去 | 减号,CLDR release-46 annotations
∓,minus-or-plus,减或加,minus-or-plus | plus-minus,减或加,CLDR release-46 annotations
∕,division slash,除号斜线,division | slash | stroke | virgule,除号斜线,CLDR release-46 annotations
∗,asterisk operator,星号运算符,asterisk | operator | star,星号运算符,CLDR release-46 annotations
∘,ring operator,环运算符,composition | operator | ring,环运算符,CLDR release-46 annotations
∙,bullet operator,项目符号运算符,bullet | operator,项目符号运算符,CLDR release-46 annotations
√,square root,平方根,radical | radix | root | square | surd,不尽根 | 平方根 | 开平方 | 开根 | 根号,CLDR release-46 annotations
∝,proportional,成比例,proportional | proportionality,成比例,CLDR release-46 annotations
∞,infinity sign,无穷大符号,infinity | sign,无穷大 | 无穷大符号,CLDR release-46 annotations
∟,right angle,直角,angle | mathematics | right,直角,CLDR release-46 annotations
∠,angle,角,acute | angle,角,CLDR release-46 annotations
∣,divides,整除,divides | divisor,整除,CLDR release-46 annotations
∥,parallel,平行,parallel,平行,CLDR release-46 annotations
∧,logical and,逻辑与,ac | and | atque | logical | wedge,逻辑与,CLDR release-46 annotations
∩,intersection,交集,intersection | set,交集 | 集 | 集合,CLDR release-46 annotations
∪,union,并集,collection | set | union,并集 | 集 | 集合,CLDR release-46 annotations
∫,integral,积分,calculus | integral,积分,CLDR release-46 annotations
∬,double integral,二重积分,calculus | double | integral,二重积分,CLDR release-46 annotations
∮,contour integral,曲线积分,contour | integral,曲线积分,CLDR release-46 annotations
∴,therefore,所以,logic | therefore,所以,CLDR release-46 annotations
∵,because,因为,because | logic,因为,CLDR release-46 annotations
∶,ratio,比率,ratio,比率,CLDR release-46 annotations
∷,proportion,比例,proportion | proportionality,比例,CLDR release-46 annotations
∼,tilde operator,波浪号运算符,operator | tilde,波浪号运算符,CLDR release-46 annotations
∽,reversed tilde,反转波浪号,reversed | tilde,反转波浪号,CLDR release-46 annotations
∾,inverted lazy s,倒置躺倒s,inverted | lazy | s,倒置躺倒s,CLDR release-46 annotations
≃,asymptotically equal,渐近相等,asymptote | asymptotically | equal | mathematics,渐近相等,CLDR release-46 annotations
≅,approximately equal,近似相等,approximately | congruence | equal | equality | isomorphism | mathematics,近似相等,CLDR release-46 annotations
≈,almost equal,约等于,almost | approximate | approximation | equal,大概 | 约等于 | 近似值,CLDR release-46 annotations
≌,all equal,全等,all | equal | equality | mathematics,全等,CLDR release-46 annotations
≒,approximately equal the image,约等于或近似于,approximately | equal | image | the,约等于或近似于,CLDR release-46 annotations
≖,ring in equal,环等于,equal | equality | in | mathematics | ring,环等于,CLDR release-46 annotations
≠,not equal,不等于,equal | inequality | inequation | not,不相等 | 不等 | 不等于,CLDR release-46 annotations
≡,identical to,等同于,exact | identical | to | triple,三线 | 相同 | 等于 | 等同 | 等同于,CLDR release-46 annotations
≣,strictly equivalent,严格等价于,equality | equivalent | mathematics | strictly,严格等价于,CLDR release-46 annotations
≤,less-than or equal,小于等于,equal | equals | inequality | less-than | or,不等式 | 小于 | 小于等于 | 相等 | 等于,CLDR release-46 annotations
≥,greater-than or equal,大于等于,equal | equals | greater-than | inequality | or,不等 | 大于 | 大于等于 | 相等 | 等于,CLDR release-46 annotations
≦,less-than over equal,小于或等于,equal | inequality | less-than | mathematics | over,小于或等于,CLDR release-46 annotations
≧,greater-than over equal,大于或等于,equal | greater-than | inequality | mathematics | over,大于或等于,CLDR release-46 annotations
≪,much less-than,远小于,inequality | less-than | mathematics | much,远小于,CLDR release-46 annotations
≫,much greater-than,远大于,greater-than | inequality | mathematics | much,远大于,CLDR release-46 annotations
≬,between,介于,between,介于,CLDR release-46 annotations
≮,not less-than,不小于,inequality | less-than | mathematics | not,不小于,CLDR release-46 annotations
≯,not greater-than,不大于,greater-than | inequality | mathematics | not,不大于,CLDR release-46 annotations
≳,greater-than equivalent,大于或等价于,equivalent | greater-than | inequality | mathematics,大于或等价于,CLDR release-46 annotations
≺,precedes,先于,mathematics | operator | precedes | set,先于,CLDR release-46 annotations
≻,succeeds,后于,mathematics | operator | set | succeeds,后于,CLDR release-46 annotations
⊁,does not succeed,不后于,does | mathematics | not | operator | set | succeed,不后于,CLDR release-46 annotations
⊂,subset of,是...的子集,of | set | subset,子集 | 是...的子集 | 集合,CLDR release-46 annotations
⊃,superset,超集,mathematics | operator | set | superset,超集,CLDR release-46 annotations
⊆,subset equal,子集或等于,equal | subset,子集或等于,CLDR release-46 annotations
⊇,superset equal,超集或等于,equal | equality | mathematics | superset,超集或等于,CLDR release-46 annotations
⊕,circled plus,带圆圈加号,circled | plus,带圆圈加号,CLDR release-46 annotations
⊖,circled minus,带圆圈减号,circled | difference | erosion | minus | symmetric,带圆圈减号,CLDR release-46 annotations
⊗,circled times,带圆圈乘号,circled | product | tensor | times,带圆圈乘号,CLDR release-46 annotations
⊘,circled division slash,带圆圈除号斜线,circled | division | division-like | mathematics | slash,带圆圈除号斜线,CLDR release-46 annotations
⊙,circled dot operator,带圆圈点运算符,circled | dot | operator | XNOR,带圆圈点运算符,CLDR release-46 annotations
⊚,circled ring operator,带圆圈环运算符,circled | operator | ring,带圆圈环运算符,CLDR release-46 annotations
⊛,circled asterisk operator,带圆圈星号运算符,asterisk | circled | operator,带圆圈星号运算符,CLDR release-46 annotations
⊞,squared plus,带方框加号,addition-like | mathematics | plus | squared,带方框加号,CLDR release-46 annotations
⊟,squared minus,带方框减号,mathematics | minus | squared | subtraction-like,带方框减号,CLDR release-46 annotations
⊥,up tack,上丁字,eet | falsum | tack | up,上丁字,CLDR release-46 annotations
⊮,does not force,不强制,does | force | not,不强制,CLDR release-46 annotations
⊰,precedes under relation,关系上先于,mathematics | operator | precedes | relation | set | under,关系上先于,CLDR release-46 annotations
⊱,succeeds under relation,关系上后于,mathematics | operator | relation | set | succeeds | under,关系上后于,CLDR release-46 annotations
⊶,original,原,original,原,CLDR release-46 annotations
⊹,hermitian conjugate matrix,厄米共轭矩阵,conjugate | hermitian | mathematics | matrix | self-adjoint | square,厄米共轭矩阵,CLDR release-46 annotations
⊿,right triangle,直角三角形,mathematics | right | right-angled | triangle,直角三角形,CLDR release-46 annotations
⋁,n-ary logical or,N元逻辑或,disjunction | logic | logical | n-ary | or,N元逻辑或,CLDR release-46 annotations
⋂,n-ary intersection,N元交集,intersection | mathematics | n-ary | operator | set,N元交集,CLDR release-46 annotations
⋃,n-ary union,N元并集,mathematics | n-ary | operator | set | union,N元并集,CLDR release-46 annotations
⋅,dot operator,点运算符,dot | operator,点运算符,CLDR release-46 annotations
⋆,star operator,星运算符,operator | star,星运算符,CLDR release-46 annotations
⋈,natural join,自然连接,binary | bowtie | join | natural | operator,自然连接,CLDR release-46 annotations
⋒,double intersection,双交集,double | intersection | mathematics | operator | set,双交集,CLDR release-46 annotations
⋘,very much less-than,极小于,inequality | less-than | mathematics | much | very,极小于,CLDR release-46 annotations
⋙,very much greater-than,极大于,greater-than | inequality | mathematics | much | very,极大于,CLDR release-46 annotations
⋭,does not contain as normal subgroup equal,不属于正规子群或等于,as | contain | does | equal | group | mathematics | normal | not | subgroup | theory,不属于正规子群或等于,CLDR release-46 annotations
⋮,vertical ellipsis,垂直省略号,ellipsis | mathematics | vertical,垂直省略号,CLDR release-46 annotations
⋯,midline horizontal ellipsis,中线水平省略号,ellipsis | horizontal | midline,中线水平省略号,CLDR release-46 annotations
⋰,up right diagonal ellipsis,右上对角线省略号,diagonal | ellipsis | mathematics | right | up,右上对角线省略号,CLDR release-46 annotations
⋱,down right diagonal ellipsis,右下对角线省略号,diagonal | down | ellipsis | mathematics | right,右下对角线省略号,CLDR release-46 annotations
⌚,watch,手表,clock | time | watch,手表 | 时间 | 表,CLDR release-46 annotations
⌛,hourglass done,沙漏,done | hourglass | sand | time | timer,时间 | 沙漏 | 计时 | 计时器,CLDR release-46 annotations
⌨,keyboard,键盘,computer | keyboard,打字 | 按键 | 电脑 | 输入 | 键盘,CLDR release-46 annotations
⏏,eject button,推出按钮,button | eject,向上三角 | 弹出 | 推出按钮,CLDR release-46 annotations
⏩,fast-forward button,快进按钮,arrow | button | double | fast | fast-forward | forward,双箭头 | 向前 | 快进 | 快进按钮 | 快速,CLDR release-46 annotations
⏪,fast reverse button,快退按钮,arrow | button | double | fast | reverse | rewind,倒回 | 双箭头 | 快退 | 快退按钮 | 快速倒带,CLDR release-46 annotations
⏫,fast up button,快速上升按钮,arrow | button | double | fast | up,上 | 双箭头 | 向上 | 快速上升按钮 | 快速向上,CLDR release-46 annotations
⏬,fast down button,快速下降按钮,arrow | button | double | down | fast,下 | 双箭头 | 向下 | 快速下降按钮 | 快速向下,CLDR release-46 annotations
⏭,next track button,下一个音轨按钮,arrow | button | next | scene | track | triangle,三角 | 下一个 | 下一个音轨按钮 | 下一曲 | 下一首 | 往后 | 箭头,CLDR release-46 annotations
⏮,last track button,上一个音轨按钮,arrow | button | last | previous | scene | track | triangle,三角 | 上一个 | 上一个音轨按钮 | 上一曲 | 上一首 | 箭头,CLDR release-46 annotations
⏯,play or pause button,播放或暂停按钮,arrow | button | pause | play | right | triangle,三角 | 向右 | 播放 | 播放或暂停 | 播放或暂停按钮 | 暂停,CLDR release-46 annotations
⏰,alarm clock,闹钟,alarm | clock | hours | hrs | late | time | waiting,小时 | 时间 | 钟 | 闹钟,CLDR release-46 annotations
⏱,stopwatch,秒表,clock | stopwatch | time,码表 | 秒表 | 计时 | 计时器,CLDR release-46 annotations
⏲,timer clock,定时器,clock | timer,定时器 | 时间 | 计时 | 计时器,CLDR release-46 annotations
⏳,hourglass not done,沙正往下流的沙漏,done | flowing | hourglass | hours | not | sand | timer | waiting | yolo,沙 | 沙正往下流的沙漏 | 沙漏 | 等待 | 计时器,CLDR release-46 annotations
⏸,pause button,暂停按钮,bar | button | double | pause | vertical,停止 | 双条形 | 暂停 | 暂停按钮,CLDR release-46 annotations
⏹,stop button,停止按钮,button | square | stop,停止 | 停止按钮 | 方形 | 正方形 | 终止,CLDR release-46 annotations
⏺,record button,录制按钮,button | circle | record,制作 | 圆 | 录像 | 录制 | 录制按钮 | 录音,CLDR release-46 annotations
Ⓜ,circled M,圆圈包围的M,circle | circled | M,m | 圆圈包围的M | 圈 | 字母 | 米,CLDR release-46 annotations
■,filled square,实心方形,filled | square,实心方形,CLDR release-46 annotations
□,hollow square,空心方形,hollow | square,空心方形,CLDR release-46 annotations
▢,hollow square with rounded corners,带圆角的空心方形,corners | hollow | rounded | square | with,带圆角的空心方形,CLDR release-46 annotations
▣,hollow square containing filled square,包含实心方形的空心方形,containing | filled | hollow | square,包含实心方形的空心方形,CLDR release-46 annotations
▤,square with horizontal fill,带水平填充符的方形,fill | horizontal | square | with,带水平填充符的方形,CLDR release-46 annotations
▥,square with vertical fill,带垂直填充符的方形,fill | square | vertical | with,带垂直填充符的方形,CLDR release-46 annotations
▦,square orthogonal crosshatch fill,带直角交叉填充符的方形,crosshatch | fill | orthogonal | square,带直角交叉填充符的方形,CLDR release-46 annotations
▧,square upper left lower right fill,带左上到右下填充符的方形,fill | left | lower | right | square | upper,带左上到右下填充符的方形,CLDR release-46 annotations
▨,square upper right lower left fill,带右上到左下填充符的方形,fill | left | lower | right | square | upper,带右上到左下填充符的方形,CLDR release-46 annotations
▩,square diagonal crosshatch fill,带对角线交叉填充符的方形,crosshatch | diagonal | fill | square,带对角线交叉填充符的方形,CLDR release-46 annotations
▪,black small square,黑色小方块,black | geometric | small | square,几何 | 几何图形 | 小 | 方形 | 正方形 | 黑色 | 黑色小方块,CLDR release-46 annotations
▫,white small square,白色小方块,geometric | small | square | white,小 | 方形 | 正方形 | 白色 | 白色小方块,CLDR release-46 annotations
▬,filled rectangle,实心矩形,filled | rectangle,实心矩形,CLDR release-46 annotations
▭,hollow rectangle,空心矩形,hollow | rectangle,空心矩形,CLDR release-46 annotations
▮,filled vertical rectangle,实心垂直矩形,filled | rectangle | vertical,实心垂直矩形,CLDR release-46 annotations
▰,filled parallelogram,实心平行四边形,filled | parallelogram,实心平行四边形,CLDR release-46 annotations
▲,filled up-pointing triangle,实心向上三角,arrow | filled | triangle | up | up-pointing,三角 | 上 | 填充 | 实心 | 实心向上三角 | 实心向上箭头 | 箭头,CLDR release-46 annotations
△,hollow up-pointing triangle,空心向上三角,hollow | triangle | up-pointing,空心向上三角,CLDR release-46 annotations
▴,filled up-pointing small triangle,实心向上小型三角,filled | small | triangle | up-pointing,实心向上小型三角,CLDR release-46 annotations
▵,hollow up-pointing small triangle,空心向上小型三角,hollow | small | triangle | up-pointing,空心向上小型三角,CLDR release-46 annotations
▶,play button,播放按钮,arrow | button | play | right | triangle,三角 | 右 | 向右 | 播放 | 播放按钮 | 箭头,CLDR release-46 annotations
▷,hollow right-pointing triangle,空心向右三角,hollow | right-pointing | triangle,空心向右三角,CLDR release-46 annotations
▸,filled right-pointing small triangle,实心向右小型三角,filled | right-pointing | small | triangle,实心向右小型三角,CLDR release-46 annotations
▹,hollow right-pointing small triangle,空心向右小型三角,hollow | right-pointing | small | triangle,空心向右小型三角,CLDR release-46 annotations
►,filled right-pointing pointer,实心向右指针,filled | pointer | right-pointing,实心向右指针,CLDR release-46 annotations
▻,hollow right-pointing pointer,空心向右指针,hollow | pointer | right-pointing,空心向右指针,CLDR release-46 annotations
▼,filled down-pointing triangle,实心向下三角,arrow | down | down-pointing | filled | triangle,三角 | 下 | 填充 | 实心 | 实心向下三角 | 实心向下箭头 | 箭头,CLDR release-46 annotations
▽,hollow down-pointing triangle,空心向下三角,down-pointing | hollow | triangle,空心向下三角,CLDR release-46 annotations
▾,filled down-pointing small triangle,实心向下小型三角,down-pointing | filled | small | triangle,实心向下小型三角,CLDR release-46 annotations
▿,hollow down-pointing small triangle,空心向下小型三角,down-pointing | hollow | small | triangle,空心向下小型三角,CLDR release-46 annotations
◀,reverse button,倒退按钮,arrow | button | left | reverse | triangle,三角 | 倒转 | 倒退按钮 | 后退 | 向左 | 左,CLDR release-46 annotations
◁,hollow left-pointing triangle,空心向左三角,hollow | left-pointing | triangle,空心向左三角,CLDR release-46 annotations
◂,filled left-pointing small triangle,实心向左小型三角,filled | left-pointing | small | triangle,实心向左小型三角,CLDR release-46 annotations
◃,hollow left-pointing small triangle,空心向左小型三角,hollow | left-pointing | small | triangle,空心向左小型三角,CLDR release-46 annotations
◄,filled left-pointing pointer,实心向左指针,filled | left-pointing | pointer,实心向左指针,CLDR release-46 annotations
◅,hollow left-pointing pointer,空心向左指针,hollow | left-pointing | pointer,空心向左指针,CLDR release-46 annotations
◆,filled diamond,实心菱形,diamond | filled,实心菱形,CLDR release-46 annotations
◇,hollow diamond,空心菱形,diamond | hollow,空心菱形,CLDR release-46 annotations
◈,hollow diamond containing filled diamond,包含实心菱形的空心菱形,containing | diamond | filled | hollow,包含实心菱形的空心菱形,CLDR release-46 annotations
◉,hollow circle containing filled circle,包含实心圆圈的空心圆圈,cicles | circle | circled | concentric | containing | dot | filled | fisheye | hollow | ward,包含实心圆圈的空心圆圈,CLDR release-46 annotations
◊,lozenge,菱形,diamond | lozenge | rhombus,扑克 | 方块 | 菱形 | 钻石,CLDR release-46 annotations
○,hollow circle,空心圆,circle | hollow | ring,圆 | 环形 | 空心圆,CLDR release-46 annotations
◌,dotted circle,虚线圆圈,circle | dotted,虚线圆圈,CLDR release-46 annotations
◍,circle with vertical fill,带垂直填充符的圆圈,circle | fill | vertical | with,带垂直填充符的圆圈,CLDR release-46 annotations
◎,concentric circles,同心圆,circle | circles | concentric | double | target,同心圆,CLDR release-46 annotations
●,filled circle,实心圆,circle | filled,圆 | 实心圆,CLDR release-46 annotations
◐,circle left half filled,左半实心的圆圈,circle | filled | half | left,左半实心的圆圈,CLDR release-46 annotations
◑,circle right half filled,右半实心的圆圈,circle | filled | half | right,右半实心的圆圈,CLDR release-46 annotations
◒,circle lower half filled,下半实心的圆圈,circle | filled | half | lower,下半实心的圆圈,CLDR release-46 annotations
◓,circle upper half filled,上半实心的圆圈,circle | filled | half | upper,上半实心的圆圈,CLDR release-46 annotations
◔,circle upper right quadrant filled,右上象限实心的圆圈,circle | filled | quadrant | right | upper,右上象限实心的圆圈,CLDR release-46 annotations
◕,circle all but upper left quadrant filled,除左上象限外均实心的圆圈,all | but | circle | filled | left | quadrant | upper,除左上象限外均实心的圆圈,CLDR release-46 annotations
◖,left half filled circle,左半实心圆圈,circle | filled | half | left,左半实心圆圈,CLDR release-46 annotations
◗,right half filled circle,右半实心圆圈,circle | filled | half | right,右半实心圆圈,CLDR release-46 annotations
◘,inverse bullet,反白项目符号,bullet | inverse,反白项目符号,CLDR release-46 annotations
◙,filled square containing hollow circle,包含空心圆圈的实心方形,circle | containing | filled | hollow | inverse | square,包含空心圆圈的实心方形,CLDR release-46 annotations
◜,upper left quadrant circular arc,左上象限圆弧,arc | circular | left | quadrant | upper,左上象限圆弧,CLDR release-46 annotations
◝,upper right quadrant circular arc,右上象限圆弧,arc | circular | quadrant | right | upper,右上象限圆弧,CLDR release-46 annotations
◞,lower right quadrant circular arc,右下象限圆弧,arc | circular | lower | quadrant | right,右下象限圆弧,CLDR release-46 annotations
◟,lower left quadrant circular arc,左下象限圆弧,arc | circular | left | lower | quadrant,左下象限圆弧,CLDR release-46 annotations
◠,upper half circle,上半圆圈,circle | half | upper,上半圆圈,CLDR release-46 annotations
◡,lower half circle,下半圆圈,circle | half | lower,下半圆圈,CLDR release-46 annotations
◢,filled lower right triangle,实心右下三角,filled | lower | right | triangle,实心右下三角,CLDR release-46 annotations
◣,filled lower left triangle,实心左下三角,filled | left | lower | triangle,实心左下三角,CLDR release-46 annotations
◤,filled upper left triangle,实心左上三角,filled | left | triangle | upper,实心左上三角,CLDR release-46 annotations
◥,filled upper right triangle,实心右上三角,filled | right | triangle | upper,实心右上三角,CLDR release-46 annotations
◦,hollow bullet,空心项目符号,bullet | hollow,空心项目符号,CLDR release-46 annotations
◯,large hollow circle,大空心圆,circle | hollow | large | ring,圆 | 大空心圆 | 环形,CLDR release-46 annotations
◳,hollow square upper right quadrant,右上象限空心方形,hollow | quadrant | right | square | upper,右上象限空心方形,CLDR release-46 annotations
◷,hollow circle with upper right quadrant,右上象限空心圆圈,circle | hollow | quadrant | right | upper | with,右上象限空心圆圈,CLDR release-46 annotations
◻,white medium square,白色中方块,geometric | medium | square | white,中等 | 方形 | 正方形 | 白色 | 白色中方块,CLDR release-46 annotations
◼,black medium square,黑色中方块,black | geometric | medium | square,中等 | 几何 | 方形 | 正方形 | 黑色 | 黑色中方块,CLDR release-46 annotations
◽,white medium-small square,白色中小方块,geometric | medium-small | square | white,中小 正方形 | 几何 | 方形 | 白色 | 白色中小方块,CLDR release-46 annotations
◾,black medium-small square,黑色中小方块,black | geometric | medium-small | square,中小 | 方形 | 正方形 | 黑色 | 黑色中小方块,CLDR release-46 annotations
◿,lower right triangle,右下三角,lower | right | triangle,右下三角,CLDR release-46 annotations
☀,sun,太阳,bright | rays | space | sun | sunny | weather,光线 | 太阳 | 晴 | 晴天 | 阳光明媚 | 阳光普照,CLDR release-46 annotations
☁,cloud,云,cloud | weather,云 | 云彩 | 云朵 | 天气 | 阴,CLDR release-46 annotations
☂,umbrella,伞,clothing | rain | umbrella,伞 | 雨 | 雨伞,CLDR release-46 annotations
☃,snowman,雪与雪人,cold | man | snow | snowman,泠 | 雪 | 雪与雪人 | 雪人,CLDR release-46 annotations
☄,comet,彗星,comet | space,太空 | 彗星,CLDR release-46 annotations
☎,telephone,电话,phone | telephone,固定电话 | 固话 | 座机 | 电话,CLDR release-46 annotations
☑,check box with check,勾选框,✓ | ballot | box | check | checked | done | off | tick,做好 | 勾号 | 勾选 | 勾选框 | 复选框 | 带勾方格 | 打勾 | 搞定 | 选票,CLDR release-46 annotations
☔,umbrella with rain drops,雨伞,clothing | drop | drops | rain | umbrella | weather,下雨 | 伞 | 雨伞 | 雨滴,CLDR release-46 annotations
☕,hot beverage,热饮,beverage | cafe | caffeine | chai | coffee | drink | hot | morning | steaming | tea,咖啡 | 早晨 | 星巴克 | 热气腾腾 | 热饮 | 茶 | 饮料,CLDR release-46 annotations
☘,shamrock,三叶草,irish | plant | shamrock,三叶草 | 爱尔兰 | 苜蓿 | 酢浆草,CLDR release-46 annotations
☝,index pointing up,食指向上指,finger | hand | index | point | pointing | this | up,向上指 | 手 | 指上 | 食指 | 食指向上指,CLDR release-46 annotations
☠,skull and crossbones,骷髅,bone | crossbones | dead | death | face | monster | skull,交叉股骨 | 头骨 | 妖怪 | 怪物 | 死亡 | 海盗 | 脸 | 骨头 | 骷髅,CLDR release-46 annotations
☢,radioactive,辐射,radioactive | sign,放射性 | 标识 | 辐射,CLDR release-46 annotations
☣,biohazard,生物危害,biohazard | sign,动物 | 当心感染 | 污染 | 生物危害 | 警告,CLDR release-46 annotations
☦,orthodox cross,东正教十字架,Christian | cross | orthodox | religion,东正教 | 东正教十字架 | 十字架 | 基督 | 宗教 | 正教会十字,CLDR release-46 annotations
☪,star and crescent,星月,crescent | islam | Muslim | ramadan | religion | star,伊斯兰 | 宗教 | 斋戒月 | 星月 | 穆斯林,CLDR release-46 annotations
☮,peace symbol,和平符号,healing | peace | peaceful | symbol,和平 | 和平符号,CLDR release-46 annotations
☯,yin yang,阴阳,difficult | lives | religion | tao | taoist | total | yang | yin | yinyang,太极 | 宗教 | 道 | 道教 | 阳 | 阴 | 阴阳,CLDR release-46 annotations
☸,wheel of dharma,法轮,Buddhist | dharma | religion | wheel,佛 | 宗教 | 法轮 | 舵 | 轮盘 | 达摩,CLDR release-46 annotations
☹,frowning face,不满,face | frown | frowning | sad,不满 | 不爽 | 不高兴 | 委屈 | 皱眉 | 皱眉的脸 | 脸,CLDR release-46 annotations
☺,smiling face,微笑,face | happy | outlined | relaxed | smile | smiling,呵呵 | 开心 | 微笑 | 放松 | 笑 | 脸,CLDR release-46 annotations
♀,female sign,女性符号,female | sign | woman,女性符号 | 符号 | 雌性,CLDR release-46 annotations
♂,male sign,男性符号,male | man | sign,男性符号 | 符号 | 雄性,CLDR release-46 annotations
♈,Aries,白羊座,Aries | horoscope | ram | zodiac,公羊 | 星座 | 牡羊座 | 白羊座,CLDR release-46 annotations
♉,Taurus,金牛座,bull | horoscope | ox | Taurus | zodiac,公牛 | 星座 | 金牛 | 金牛座,CLDR release-46 annotations
♊,Gemini,双子座,Gemini | horoscope | twins | zodiac,双子 | 双子座 | 孪生子 | 星座,CLDR release-46 annotations
♋,Cancer,巨蟹座,Cancer | crab | horoscope | zodiac,巨蟹 | 巨蟹座 | 星座 | 螃蟹,CLDR release-46 annotations
♌,Leo,狮子座,horoscope | Leo | lion | zodiac,星座 | 狮子座 | 雄狮,CLDR release-46 annotations
♍,Virgo,处女座,horoscope | Virgo | zodiac,处女座 | 室女座 | 星座 | 黄道十二宫,CLDR release-46 annotations
♎,Libra,天秤座,balance | horoscope | justice | Libra | scales | zodiac,天秤座 | 平衡 | 星座 | 正义,CLDR release-46 annotations
♏,Scorpio,天蝎座,horoscope | Scorpio | scorpion | Scorpius | zodiac,天蝎 | 天蝎座 | 星座 | 蝎子,CLDR release-46 annotations
♐,Sagittarius,射手座,archer | horoscope | Sagittarius | zodiac,人马座 | 射手 | 射手座 | 弓箭手 | 星座,CLDR release-46 annotations
♑,Capricorn,摩羯座,Capricorn | goat | horoscope | zodiac,天宫图 | 山羊 | 摩羯 | 摩羯座 | 星座,CLDR release-46 annotations
♒,Aquarius,水瓶座,Aquarius | bearer | horoscope | water | zodiac,星座 | 水 | 水瓶座,CLDR release-46 annotations
♓,Pisces,双鱼座,fish | horoscope | Pisces | zodiac,双鱼 | 双鱼座 | 星座 | 鱼,CLDR release-46 annotations
♟,chess pawn,兵,chess | dupe | expendable | pawn,兵 | 受骗者 | 国际象棋 | 牺牲品,CLDR release-46 annotations
♠,spade suit,黑桃,card | game | spade | suit,扑克 | 牌 | 葵扇 | 黑桃 | 黑桃花色,CLDR release-46 annotations
♣,club suit,梅花,card | club | clubs | game | suit,扑克 | 梅花 | 梅花花色 | 牌 | 草花,CLDR release-46 annotations
♥,heart suit,红桃,card | emotion | game | heart | hearts | suit,扑克 | 牌 | 红心 | 红桃 | 红桃花色,CLDR release-46 annotations
♦,diamond suit,方片,card | diamond | game | suit,扑克 | 方块 | 方片 | 牌 | 牌局,CLDR release-46 annotations
♨,hot springs,温泉,hot | hotsprings | springs | steaming,水 | 泉 | 温泉 | 热气腾腾 | 蒸汽,CLDR release-46 annotations
♪,eighth note,八分音符,eighth | music | note,八分音符 | 音乐 | 音符,CLDR release-46 annotations
♭,flat,降音符,bemolle | flat | music | note,降号 | 降音符 | 音乐 | 音符,CLDR release-46 annotations
♯,sharp,升号,dièse | diesis | music | note | sharp,升号 | 升音符 | 音乐 | 音符,CLDR release-46 annotations
♻,recycling symbol,回收标志,recycle | recycling | symbol,再利用 | 再生 | 回收 | 回收标志 | 循环,CLDR release-46 annotations
♾,infinity,无穷大,forever | infinity | unbounded | universal,宇宙 | 无尽 | 无穷大 | 极大,CLDR release-46 annotations
♿,wheelchair symbol,轮椅标识,access | handicap | symbol | wheelchair,无障碍 | 残疾 | 残障 | 轮椅 | 轮椅标识 | 轮椅符号,CLDR release-46 annotations
⚒,hammer and pick,锤子与镐,hammer | pick | tool,工具 | 铁锤 | 铁镐 | 锤子 | 锤子与镐 | 镐 | 镐子,CLDR release-46 annotations
⚓,anchor,锚,anchor | ship | tool,停泊 | 工具 | 船 | 锚,CLDR release-46 annotations
⚔,crossed swords,交叉放置的剑,crossed | swords | weapon,交叉 | 交叉放置的剑 | 剑 | 十字 | 双剑 | 战死 | 武器,CLDR release-46 annotations
⚕,medical symbol,医疗标志,aesculapius | medical | medicine | staff | symbol,医学 | 医疗 | 医疗标志 | 蛇杖 | 阿斯克勒庇俄斯 | 阿斯克勒庇俄斯蛇杖,CLDR release-46 annotations
⚖,balance scale,天平,balance | justice | Libra | scale | scales | tool | weight | zodiac,公平 | 公正 | 天平 | 天秤 | 天秤座 | 星座 | 正义 | 法律,CLDR release-46 annotations
⚗,alembic,蒸馏器,alembic | chemistry | tool,净化 | 化学 | 实验 | 工具 | 蒸馏 | 蒸馏器,CLDR release-46 annotations
⚙,gear,齿轮,cog | cogwheel | gear | tool,传动 | 工具 | 机械 | 零件 | 齿轮,CLDR release-46 annotations
⚛,atom symbol,原子符号,atheist | atom | symbol,原子 | 原子符号 | 无神论 | 物质,CLDR release-46 annotations
⚜,fleur-de-lis,百合花饰,fleur-de-lis | knights,百合花饰 | 鸢尾花,CLDR release-46 annotations
⚠,warning,警告,caution | warning,小心 | 警告,CLDR release-46 annotations
⚡,high voltage,高压,danger | electric | electricity | high | lightning | nature | thunder | thunderbolt | voltage | zap,危险 | 有电 | 闪电 | 高压,CLDR release-46 annotations
⚧,transgender symbol,跨性别符号,symbol | transgender,跨性别 | 跨性别符号,CLDR release-46 annotations
⚪,white circle,白色圆,circle | geometric | white,圆 | 圈 | 白 | 白圈 | 白色圆,CLDR release-46 annotations
⚫,black circle,黑色圆,black | circle | geometric,圆 | 圈 | 黑 | 黑色圆,CLDR release-46 annotations
⚰,coffin,棺材,coffin | dead | death | vampire,埋葬 | 棺材 | 死亡 | 灵柩 | 葬礼 | 陵墓,CLDR release-46 annotations
⚱,funeral urn,骨灰缸,ashes | death | funeral | urn,丧礼 | 死亡 | 瓮 | 缸 | 葬礼 | 骨灰 | 骨灰缸 | 骨灰罐,CLDR release-46 annotations
⚽,soccer ball,足球,ball | football | futbol | soccer | sport,大罗 | 梅西 | 球 | 球赛 | 罗纳尔多 | 胖罗 | 英式足球 | 足球 | 运动,CLDR release-46 annotations
⚾,baseball,棒球,ball | baseball | sport,棒球 | 球 | 运动,CLDR release-46 annotations
⛄,snowman without snow,雪人,cold | man | snow | snowman,下雪 | 泠 | 雪人,CLDR release-46 annotations
⛅,sun behind cloud,阴,behind | cloud | cloudy | sun | weather,乌云蔽日 | 多云 | 阴,CLDR release-46 annotations
⛈,cloud with lightning and rain,雷阵雨,cloud | lightning | rain | thunder | thunderstorm,暴风雨 | 阵雨 | 雨 | 雷 | 雷暴 | 雷阵雨,CLDR release-46 annotations
⛎,Ophiuchus,蛇夫座,bearer | Ophiuchus | serpent | snake | zodiac,星座 | 蛇 | 蛇夫 | 蛇夫座,CLDR release-46 annotations
⛏,pick,铁镐,hammer | mining | pick | tool,工具 | 挖 | 挖掘 | 采矿 | 铁镐 | 锄头 | 鹤嘴锄,CLDR release-46 annotations
⛑,rescue worker’s helmet,白十字头盔,aid | cross | face | hat | helmet | rescue | worker’s,十字 | 头盔 | 安全帽 | 救援人员头盔 | 白十字头盔 | 脸,CLDR release-46 annotations
⛓,chains,链条,chain | chains,铁链 | 链 | 链条 | 锁链,CLDR release-46 annotations
⛔,no entry,禁止通行,do | entry | fail | forbidden | no | not | pass | prohibited | traffic,交通 | 禁止入内 | 禁止通行 | 禁行 | 请勿入内 | 请勿驶入,CLDR release-46 annotations
⛩,shinto shrine,神社,religion | shinto | shrine,宗教 | 日本 | 神社 | 神道教,CLDR release-46 annotations
⛪,church,教堂,bless | chapel | Christian | church | cross | religion,基督 | 基督教 | 宗教 | 小教堂 | 教堂,CLDR release-46 annotations
⛰,mountain,山,mountain,山 | 峰,CLDR release-46 annotations
⛱,umbrella on ground,阳伞,ground | rain | sun | umbrella,下雨 | 伞 | 地上的阳伞 | 太阳 | 阳伞,CLDR release-46 annotations
⛲,fountain,喷泉,fountain,喷泉,CLDR release-46 annotations
⛳,flag in hole,高尔夫球洞,flag | golf | hole | sport,果岭 | 果岭旗 | 球洞 | 高尔夫 | 高尔夫球洞 | 高球,CLDR release-46 annotations
⛴,ferry,渡轮,boat | ferry | passenger,旅客 | 渡船 | 渡轮 | 轮船,CLDR release-46 annotations
⛵,sailboat,帆船,boat | resort | sailboat | sailing | sea | yacht,帆船 | 游艇 | 船 | 驾帆船,CLDR release-46 annotations
⛷,skier,滑雪的人,ski | skier | snow,滑雪 | 滑雪的人 | 雪,CLDR release-46 annotations
⛸,ice skate,滑冰,ice | skate | skating,冰刀 | 溜冰 | 滑冰,CLDR release-46 annotations
⛹,person bouncing ball,玩球,athletic | ball | basketball | bouncing | championship | dribble | net | person | player | throw,体育 | 全网无阻 | 打球 | 游戏 | 玩 | 玩球 | 球 | 篮球 | 篮球运动员 | 罚球 | 运动 | 运球 | 锦标赛,CLDR release-46 annotations
⛺,tent,帐篷,camping | tent,帐篷 | 露营,CLDR release-46 annotations
⛽,fuel pump,油泵,diesel | fuel | fuelpump | gas | gasoline | pump | station,加油 | 加油站 | 柴油 | 油泵 | 燃料 | 燃油,CLDR release-46 annotations
✂,scissors,剪刀,cut | cutting | paper | scissors | tool,修剪 | 剪 | 剪刀 | 剪子 | 剪裁 | 工具,CLDR release-46 annotations
✅,check mark button,勾号按钮,✓ | button | check | checked | checkmark | complete | completed | done | fixed | mark | tick,勾 | 勾号 | 勾号按钮 | 完成 | 打勾 | 按钮 | 绿色打勾,CLDR release-46 annotations
✈,airplane,飞机,aeroplane | airplane | fly | flying | jet | plane | travel,喷气机 | 旅行 | 飞机 | 飞行,CLDR release-46 annotations
✉,envelope,信封,e-mail | email | envelope | letter,信件 | 信封 | 信息 | 来信 | 电子邮件 | 电邮 | 邮件,CLDR release-46 annotations
✊,raised fist,举起拳头,clenched | fist | hand | punch | raised | solidarity,举拳 | 举起拳头 | 团结 | 手 | 拳头 | 握拳,CLDR release-46 annotations
✋,raised hand,举起手,5 | five | hand | high | raised | stop,举手 | 举起手 | 举起的手 | 五指 | 停 | 击掌 | 手,CLDR release-46 annotations
✌,victory hand,胜利手势,hand | peace | v | victory,V | 和平 | 成功 | 手 | 胜利 | 胜利手势,CLDR release-46 annotations
✍,writing hand,写字,hand | write | writing,写 | 写字 | 手 | 笔,CLDR release-46 annotations
✏,pencil,铅笔,pencil,橡皮 | 橡皮擦 | 画画 | 画笔 | 笔 | 绘画 | 铅笔,CLDR release-46 annotations
✒,black nib,钢笔尖,black | nib | pen,写字 | 硬笔 | 笔 | 笔尖 | 钢笔 | 钢笔尖 | 黑色笔尖,CLDR release-46 annotations
✔,check mark,勾号,✓ | check | checked | checkmark | done | heavy | mark | tick,勾号 | 对勾 | 打勾 | 正确 | 符号,CLDR release-46 annotations
✖,multiply,乘,× | cancel | multiplication | multiply | sign | x,x | 乘 | 乘号 | 取消 | 相乘 | 符号,CLDR release-46 annotations
✝,latin cross,十字架,christ | Christian | cross | latin | religion,十字架 | 基督 | 天主教 | 宗教,CLDR release-46 annotations
✡,star of David,六芒星,David | Jew | Jewish | judaism | religion | star,六芒星 | 六角星 | 大卫之星 | 大卫星 | 宗教 | 犹太 | 犹太教,CLDR release-46 annotations
✨,sparkles,闪亮,* | magic | sparkle | sparkles | star,星星 | 火花 | 闪亮 | 闪光 | 闪耀,CLDR release-46 annotations
✳,eight-spoked asterisk,八轮辐星号,* | asterisk | eight-spoked,八芒星 | 八轮辐星号 | 星号,CLDR release-46 annotations
✴,eight-pointed star,八角星,* | eight-pointed | star,八角星 | 星 | 符号,CLDR release-46 annotations
❄,snowflake,雪花,cold | snow | snowflake | weather,冷 | 天气 | 雪 | 雪花,CLDR release-46 annotations
❇,sparkle,火花,* | sparkle,火花 | 烟火 | 闪光 | 闪耀,CLDR release-46 annotations
❌,cross mark,叉号,× | cancel | cross | mark | multiplication | multiply | x,x | 乘 | 交叉 | 叉号 | 取消 | 相乘 | 符号,CLDR release-46 annotations
❎,cross mark button,叉号按钮,× | button | cross | mark | multiplication | multiply | square | x,乘 | 乘号 | 叉 | 叉号按钮 | 取消 | 方形,CLDR release-46 annotations
❓,red question mark,红色问号,? | mark | punctuation | question | red,为什么 | 标点 | 标点符号 | 疑问 | 红色问号 | 问号,CLDR release-46 annotations
❔,white question mark,白色问号,? | mark | outlined | punctuation | question | white,？ | 为什么 | 标点符号 | 白色问号 | 空心 | 空心问号 | 问号 | 问题,CLDR release-46 annotations
❕,white exclamation mark,白色感叹号,! | exclamation | mark | outlined | punctuation | white,！ | 叹号 | 吃惊 | 标点符号 | 白色叹号 | 白色感叹号 | 空心 | 空心叹号,CLDR release-46 annotations
❗,red exclamation mark,红色感叹号,! | exclamation | mark | punctuation | red,！ | 叹号 | 吃惊 | 惊讶 | 感叹 | 感叹号 | 标点符号 | 红色感叹号,CLDR release-46 annotations
❣,heart exclamation,心叹号,exclamation | heart | heavy | mark | punctuation,叹号 | 心动 | 心叹号 | 标点符号,CLDR release-46 annotations
❤,red heart,红心,emotion | heart | love | red,心 | 爱 | 红心,CLDR release-46 annotations
➕,plus,加,+ | plus,加 | 加号 | 十字 | 数学 | 相加 | 符号,CLDR release-46 annotations
➖,minus,减,- | − | heavy | math | minus | sign,减 | 减号 | 数学 | 横线 | 符号,CLDR release-46 annotations
➗,divide,除,÷ | divide | division | heavy | math | sign,数学 | 相除 | 符号 | 除 | 除号,CLDR release-46 annotations
➡,right arrow,向右箭头,arrow | cardinal | direction | east | right,东 | 右 | 向右箭头 | 方向 | 标识 | 箭头,CLDR release-46 annotations
➰,curly loop,卷曲环,curl | curly | loop,单环 | 卷曲环 | 日本单环标志 | 标志,CLDR release-46 annotations
➿,double curly loop,双卷曲环,curl | curly | double | loop,免费电话 | 双卷曲环 | 双环 | 日本免费电话标志 | 标志,CLDR release-46 annotations
⤴,right arrow curving up,右上弯箭头,arrow | curving | right | up,右上弯 | 右上弯箭头 | 向上弯曲的右箭头 | 箭头,CLDR release-46 annotations
⤵,right arrow curving down,右下弯箭头,arrow | curving | down | right,右下弯 | 右下弯箭头 | 向下弯曲的右箭头 | 箭头,CLDR release-46 annotations
⨧,plus subscript two,带下标二的加号,plus | subscript | two,带下标二的加号,CLDR release-46 annotations
⨯,vector cross product,向量叉乘,cross | product | vector,向量叉乘,CLDR release-46 annotations
⨼,interior product,内积,interior | product,内积,CLDR release-46 annotations
⩣,logical or double underbar,带双底线的逻辑或,double | logical | or | underbar,带双底线的逻辑或,CLDR release-46 annotations
⩽,less-than slanted equal,小于或倾斜等于,equal | less-than | slanted,小于或倾斜等于,CLDR release-46 annotations
⪍,less-than above similar equal,小于或相似,above | equal | less-than | similar,小于或相似,CLDR release-46 annotations
⪚,double-line equal greater-than,双线等于或大于,double-line | equal | greater-than | inequality | mathematics,双线等于或大于,CLDR release-46 annotations
⪺,succeeds above not almost equal,后于或不约等于,above | almost | equal | not | succeeds,后于或不约等于,CLDR release-46 annotations
⬅,left arrow,向左箭头,arrow | cardinal | direction | left | west,向左箭头 | 左 | 方向 | 标识 | 箭头 | 西,CLDR release-46 annotations
⬆,up arrow,向上箭头,arrow | cardinal | direction | north | up,上 | 北 | 向上箭头 | 方位 | 方向 | 标识 | 箭头,CLDR release-46 annotations
⬇,down arrow,向下箭头,arrow | cardinal | direction | down | south,南 | 向下 | 向下箭头 | 基本 | 方位 | 正南 | 箭头,CLDR release-46 annotations
⬛,black large square,黑线大方框,black | geometric | large | square,大 | 方形 | 正方形 | 黑线大方框 | 黑色 | 黑色大方形,CLDR release-46 annotations
⬜,white large square,白线大方框,geometric | large | square | white,大 | 方形 | 正方形 | 白线大方框 | 白色 | 白色方块,CLDR release-46 annotations
⭐,star,星星,astronomy | medium | star | stars | white,五角星 | 星星 | 白色星星,CLDR release-46 annotations
⭕,hollow red circle,红色空心圆圈,circle | heavy | hollow | large | o | red,0 | O形 | 圆圈 | 大 | 大圆圈 | 红 | 红色空心圆圈 | 零,CLDR release-46 annotations
、,ideographic comma,顿号,comma | ideographic,顿号,CLDR release-46 annotations
。,ideographic period,表意文字的句号,full | ideographic | period | stop,句号 | 表意文字 | 表意文字的句号,CLDR release-46 annotations
〈,open angle bracket,左尖括号,angle | bracket | brackets | chevron | diamond | open | pointy | tuple,人字形标记 | 元组 | 尖括号 | 尖角括号 | 左尖括号 | 括号 | 菱形括号,CLDR release-46 annotations
〉,close angle bracket,右尖括号,angle | bracket | brackets | chevron | close | diamond | pointy | tuple,人字形标记 | 元组 | 右尖括号 | 尖括号 | 尖角括号 | 括号 | 菱形括号,CLDR release-46 annotations
《,open double angle bracket,左双尖括号,angle | bracket | double | open,双尖括号 | 左双尖括号 | 括号,CLDR release-46 annotations
》,close double angle bracket,右双尖括号,angle | bracket | close | double,双尖括号 | 右双尖括号 | 括号,CLDR release-46 annotations
「,open corner bracket,左角括号,bracket | corner | open,左角括号 | 方括号 | 角括号,CLDR release-46 annotations
」,close corner bracket,右角括号,bracket | close | corner,右角括号 | 方括号 | 角括号,CLDR release-46 annotations
『,open hollow corner bracket,左中空角括号,bracket | corner | hollow | open,中空角括号 | 左中空角括号 | 方括号,CLDR release-46 annotations
』,close hollow corner bracket,右中空角括号,bracket | close | corner | hollow,中空角括号 | 右中空角括号 | 方括号,CLDR release-46 annotations
【,open black lens bracket,左黑色透镜状方括号,black | bracket | lens | lenticular | open,左黑色透镜状方括号 | 方括号 | 荚状方括号 | 透镜状方括号,CLDR release-46 annotations
】,close black lens bracket,右黑色透镜状方括号,black | bracket | close | lens | lenticular,右黑色透镜状方括号 | 方括号 | 荚状方括号 | 透镜状方括号,CLDR release-46 annotations
〔,open tortoise shell bracket,左六角括号,bracket | open | shell | tortoise,六角括号 | 左六角括号 | 括号 | 龟壳形括号,CLDR release-46 annotations
〕,close tortoise shell bracket,右六角括号,bracket | close | shell | tortoise,六角括号 | 右六角括号 | 括号 | 龟壳形括号,CLDR release-46 annotations
〖,open hollow lens bracket,左中空透镜状方括号,bracket | hollow | lens | lenticular | open,中空荚状方括号 | 中空透镜状方括号 | 左中空透镜状方括号 | 方括号,CLDR release-46 annotations
〗,close hollow lens bracket,右中空透镜状方括号,bracket | close | hollow | lens | lenticular,中空荚状方括号 | 中空透镜状方括号 | 右中空透镜状方括号 | 方括号,CLDR release-46 annotations
〰,wavy dash,波浪型破折号,dash | punctuation | wavy,标点符号 | 波浪型破折号 | 波浪线 | 浪花 | 象声号,CLDR release-46 annotations
〽,part alternation mark,庵点,alternation | mark | part,庵点 | 开始歌唱 | 歌记号 | 符号,CLDR release-46 annotations
・,katakana middle dot,片假名间隔号,dot | dots | interpunct | katakana | middle | middot,圆点 | 片假名 | 片假名间隔号 | 间隔号,CLDR release-46 annotations
㊗,Japanese “congratulations” button,日文的“祝贺”按钮,button | congratulations | ideograph | Japanese,庆贺 | 按键 | 日文 | 日文的“祝贺”按钮 | 日本 | 祝 | 祝福 | 祝贺 | 表意文字,CLDR release-46 annotations
㊙,Japanese “secret” button,日文的“秘密”按钮,button | ideograph | Japanese | secret,保密 | 按键 | 日文 | 日文的“秘密”按钮 | 日本 | 秘 | 秘密 | 表意文字,CLDR release-46 annotations
﷼,rial,里亚尔,currency | rial,里亚尔,CLDR release-46 annotations
🀄,mahjong red dragon,红中,dragon | game | mahjong | red,方城之战 | 牌局 | 红中 | 麻将 | 麻将红中,CLDR release-46 annotations
🃏,joker,大小王,card | game | joker | wildcard,大小王 | 大王 | 小丑 | 小王 | 扑克 | 扑克小丑 | 牌 | 百搭牌 | 鬼牌,CLDR release-46 annotations
🅰,A button (blood type),A型血,blood | button | type,a | A型血 | 字母a | 按钮 | 血型 | 血液,CLDR release-46 annotations
🅱,B button (blood type),B型血,B | blood | button | type,b | B | B型血 | 按钮 | 血型 | 血液,CLDR release-46 annotations
🅾,O button (blood type),O 型血,blood | button | O | type,o | O 型血 | O型血 | 字母o | 按钮 | 血型 | 血液,CLDR release-46 annotations
🅿,P button,停车按钮,button | P | parking,p | 停车 | 停车按钮 | 按键 | 泊车,CLDR release-46 annotations
🆎,AB button (blood type),AB型血,AB | blood | button | type,ab | AB型血 | 字母ab | 按钮 | 血型 | 血液,CLDR release-46 annotations
🆑,CL button,CL按钮,button | CL,cl | CL按钮 | 手机 | 清理 | 清除,CLDR release-46 annotations
🆒,COOL button,cool按钮,button | COOL,cool | cool按钮 | 按键 | 酷,CLDR release-46 annotations
🆓,FREE button,免费按钮,button | FREE,free | 不收费 | 免费 | 免费按钮 | 按钮 | 自由,CLDR release-46 annotations
🆔,ID button,ID按钮,button | ID | identity,id | ID按钮 | 按键 | 识别 | 身份,CLDR release-46 annotations
🆕,NEW button,new按钮,button | NEW,new按钮 | 按键 | 新 | 新的,CLDR release-46 annotations
🆖,NG button,NG按钮,button | NG,ng | NG按钮 | 按钮 | 按键 | 花絮,CLDR release-46 annotations
🆗,OK button,OK按钮,button | OK | okay,OK | ok按钮 | OK按钮 | 同意 | 按键,CLDR release-46 annotations
🆘,SOS button,SOS按钮,button | help | SOS,sos | SOS | SOS按钮 | 按键 | 救命 | 求救 | 求救钮,CLDR release-46 annotations
🆙,UP! button,up按钮,button | mark | UP | UP!,up | up按钮 | 向上 | 按键,CLDR release-46 annotations
🆚,VS button,VS按钮,button | versus | VS,vs | VS | VS按钮 | 对 | 对决 | 按键,CLDR release-46 annotations
🈁,Japanese “here” button,日文的“这里”按钮,button | here | Japanese | katakana,koko | 按键 | 日文 | 日文的“这里”按钮 | 日语 | 此处 | 片假名 | 这里,CLDR release-46 annotations
🈂,Japanese “service charge” button,日文的“服务费”按钮,button | charge | Japanese | katakana | service,sa | 按键 | 收费 | 日文 | 日文sa | 日文的“服务费”按钮 | 日语 | 服务 | 服务费 | 片假名,CLDR release-46 annotations
🈚,Japanese “free of charge” button,日文的“免费”按钮,button | charge | free | ideograph | Japanese,免费 | 免钱 | 按键 | 无 | 日文 | 日文的“免费”按钮 | 日本 | 表意文字,CLDR release-46 annotations
🈯,Japanese “reserved” button,日文的“预留”按钮,button | ideograph | Japanese | reserved,保留 | 指 | 按键 | 日文 | 日文的“预留”按钮 | 日本 | 表意文字 | 预定 | 预订,CLDR release-46 annotations
🈲,Japanese “prohibited” button,日文的“禁止”按钮,button | ideograph | Japanese | prohibited,严禁 | 按键 | 日文 | 日文的“禁止”按钮 | 日本 | 禁 | 表意文字,CLDR release-46 annotations
🈳,Japanese “vacancy” button,日文的“有空位”按钮,button | ideograph | Japanese | vacancy,日文 | 日文的“有空位”按钮 | 日本 | 日语 | 有空位 | 空 | 空位 | 空闲 | 表意文字,CLDR release-46 annotations
🈴,Japanese “passing grade” button,日文的“合格”按钮,button | grade | ideograph | Japanese | passing,及格 | 合 | 按键 | 日文 | 日文的“合格”按钮 | 日本 | 表意文字 | 过关 | 通过,CLDR release-46 annotations
🈵,Japanese “no vacancy” button,日文的“没有空位”按钮,button | ideograph | Japanese | no | vacancy,座位 | 按键 | 日文 | 日文的“没有空位”按钮 | 日本 | 满 | 表意文字,CLDR release-46 annotations
🈶,Japanese “not free of charge” button,日文的“收费”按钮,button | charge | free | ideograph | Japanese | not,按键 | 日文 | 日文的“收费”按钮 | 日本 | 有 | 有料 | 表意文字 | 要收费 | 费用,CLDR release-46 annotations
🈷,Japanese “monthly amount” button,日文的“月总量”按钮,amount | button | ideograph | Japanese | monthly,按键 | 日文 | 日文的“月总量”按钮 | 日本 | 月 | 月度 | 统计 | 表意文字,CLDR release-46 annotations
🈸,Japanese “application” button,日文的“申请”按钮,application | button | ideograph | Japanese,日文 | 日文的“申请”按钮 | 日本 | 日语 | 申 | 申请 | 申请书 | 申请表 | 表意文字,CLDR release-46 annotations
🈹,Japanese “discount” button,日文的“打折”按钮,button | discount | ideograph | Japanese,割 | 打折 | 折扣 | 按键 | 日文 | 日文的“打折”按钮 | 日本 | 表意文字,CLDR release-46 annotations
🈺,Japanese “open for business” button,日文的“开始营业”按钮,business | button | ideograph | Japanese | open,开门 | 按键 | 日文 | 日文的“开始营业”按钮 | 日本 | 营 | 营业 | 营业中 | 表意文字,CLDR release-46 annotations
🉐,Japanese “bargain” button,日文的“议价”按钮,bargain | button | ideograph | Japanese,得 | 按键 | 日文 | 日文的“议价”按钮 | 日本 | 表意文字 | 讨价还价,CLDR release-46 annotations
🉑,Japanese “acceptable” button,日文的“可接受”按钮,acceptable | button | ideograph | Japanese,可 | 可接受 | 按键 | 日文 | 日文的“可接受”按钮 | 日本 | 表意文字 | 许可,CLDR release-46 annotations
🌀,cyclone,台风,cyclone | dizzy | hurricane | twister | typhoon | weather,台风 | 天气 | 旋风 | 晕 | 气旋 | 飓风 | 龙卷风,CLDR release-46 annotations
🌁,foggy,有雾,fog | foggy,有雾 | 雾 | 霾,CLDR release-46 annotations
🌂,closed umbrella,收起的伞,closed | clothing | rain | umbrella,下雨 | 伞 | 收起的伞 | 雨 | 雨伞,CLDR release-46 annotations
🌃,night with stars,夜晚,night | star | stars,夜晚 | 星空 | 晚上,CLDR release-46 annotations
🌄,sunrise over mountains,山顶日出,morning | mountains | over | sun | sunrise,太阳 | 山 | 山顶日出 | 日出 | 早晨 | 清晨,CLDR release-46 annotations
🌅,sunrise,日出,morning | nature | sun | sunrise,大自然 | 太阳 | 日出 | 早晨 | 清晨,CLDR release-46 annotations
🌆,cityscape at dusk,城市黄昏,at | building | city | cityscape | dusk | evening | landscape | sun | sunset,城市 | 城市黄昏 | 夜晚 | 日落 | 都市 | 黄昏,CLDR release-46 annotations
🌇,sunset,日落,building | dusk | sun | sunset,夕阳 | 日落,CLDR release-46 annotations
🌈,rainbow,彩虹,gay | genderqueer | glbt | glbtq | lesbian | lgbt | lgbtq | lgbtqia | nature | pride | queer | rain | rainbow | trans | transgender | weather,LGBT | 双性恋 | 同志 | 彩虹 | 跨性别,CLDR release-46 annotations
🌉,bridge at night,夜幕下的桥,at | bridge | night,夜幕 | 夜幕下的桥 | 晚上 | 桥,CLDR release-46 annotations
🌊,water wave,浪花,nature | ocean | surf | surfer | surfing | water | wave,波浪 | 浪 | 浪花 | 海洋,CLDR release-46 annotations
🌋,volcano,火山,eruption | mountain | nature | volcano,喷发 | 大自然 | 山 | 火山 | 爆发,CLDR release-46 annotations
🌌,milky way,银河,milky | space | way,太空 | 星空 | 银河,CLDR release-46 annotations
🌍,globe showing Europe-Africa,地球上的欧洲非洲,Africa | earth | Europe | Europe-Africa | globe | showing | world,世界 | 地球 | 地球上的欧洲非洲 | 欧洲 | 非洲,CLDR release-46 annotations
🌎,globe showing Americas,地球上的美洲,Americas | earth | globe | showing | world,世界 | 全球 | 地球 | 地球上的美洲 | 美洲,CLDR release-46 annotations
🌏,globe showing Asia-Australia,地球上的亚洲澳洲,Asia | Asia-Australia | Australia | earth | globe | showing | world,世界 | 亚洲 | 亚澳 | 全球 | 地球 | 地球上的亚洲 | 地球上的亚洲澳洲 | 澳洲,CLDR release-46 annotations
🌐,globe with meridians,带经纬线的地球,earth | globe | internet | meridians | web | world | worldwide,世界 | 全球 | 地球 | 子午线 | 带经纬线的地球 | 经纬 | 经线,CLDR release-46 annotations
🌑,new moon,朔月,dark | moon | new | space,新月 | 月亮 | 朔月,CLDR release-46 annotations
🌒,waxing crescent moon,蛾眉月,crescent | dreams | moon | space | waxing,三日月 | 娥眉月 | 弯月 | 月亮 | 盈月 | 眉月 | 蛾眉月,CLDR release-46 annotations
🌓,first quarter moon,上弦月,first | moon | quarter | space,上弦月 | 月亮,CLDR release-46 annotations
🌔,waxing gibbous moon,盈凸月,gibbous | moon | space | waxing,月亮 | 盈凸月,CLDR release-46 annotations
🌕,full moon,满月,full | moon | space,月亮 | 望月 | 满月,CLDR release-46 annotations
🌖,waning gibbous moon,亏凸月,gibbous | moon | space | waning,亏凸月 | 月亮 | 衰落,CLDR release-46 annotations
🌗,last quarter moon,下弦月,last | moon | quarter | space,下弦月 | 月亮,CLDR release-46 annotations
🌘,waning crescent moon,残月,crescent | moon | space | waning,亏眉月 | 弯月 | 月亮 | 残月,CLDR release-46 annotations
🌙,crescent moon,弯月,crescent | moon | ramadan | space,娥眉月 | 弯月 | 新月形 | 月亮 | 残月 | 蛾眉月,CLDR release-46 annotations
🌚,new moon face,微笑的朔月,face | moon | new | space,微笑的朔月 | 新月 | 月亮 | 朔月,CLDR release-46 annotations
🌛,first quarter moon face,微笑的上弦月,face | first | moon | quarter | space,上弦月 | 微笑的上弦月 | 月亮 | 蛾眉月,CLDR release-46 annotations
🌜,last quarter moon face,微笑的下弦月,dreams | face | last | moon | quarter,下弦月 | 微笑的下弦月 | 月亮 | 残月,CLDR release-46 annotations
🌝,full moon face,微笑的月亮,bright | face | full | moon,微笑的月亮 | 月亮 | 望月 | 满月,CLDR release-46 annotations
🌞,sun with face,微笑的太阳,beach | bright | day | face | heat | shine | sun | sunny | sunshine | weather,太阳 | 微笑的太阳 | 温暖阳光 | 阳光明媚,CLDR release-46 annotations
🌟,glowing star,闪亮的星星,glittery | glow | glowing | night | shining | sparkle | star | win,发光 | 星星 | 闪亮 | 闪亮的星星 | 闪光,CLDR release-46 annotations
🌠,shooting star,流星,falling | night | shooting | space | star,夜晚 | 太空 | 星空 | 流星 | 陨落之星,CLDR release-46 annotations
🌡,thermometer,温度计,thermometer | weather,天气 | 气温 | 温度 | 温度计,CLDR release-46 annotations
🌤,sun behind small cloud,晴偶有云,behind | cloud | sun | weather,云 | 天气 | 太阳 | 少云 | 晴 | 晴偶有云 | 阴,CLDR release-46 annotations
🌥,sun behind large cloud,多云,behind | cloud | sun | weather,云 | 多云 | 太阳 | 泠 | 阴,CLDR release-46 annotations
🌦,sun behind rain cloud,晴转雨,behind | cloud | rain | sun | weather,下雨 | 云 | 天气 | 太阳 | 晴时多云偶阵雨 | 晴转雨 | 雨,CLDR release-46 annotations
🌧,cloud with rain,下雨,cloud | rain | weather,下雨 | 云 | 天气 | 雨,CLDR release-46 annotations
🌨,cloud with snow,下雪,cloud | cold | snow | weather,下雪 | 云 | 天气 | 雪,CLDR release-46 annotations
🌩,cloud with lightning,打雷,cloud | lightning | weather,云 | 天气 | 打雷 | 闪电 | 雷,CLDR release-46 annotations
🌪,tornado,龙卷风,cloud | tornado | weather | whirlwind,云 | 天气 | 旋风 | 龙卷风,CLDR release-46 annotations
🌫,fog,雾,cloud | fog | weather,云 | 雾 | 霾,CLDR release-46 annotations
🌬,wind face,大风,blow | cloud | face | wind,大风 | 狂风 | 风吹,CLDR release-46 annotations
🌭,hot dog,热狗,dog | frankfurter | hot | hotdog | sausage,热狗 | 香肠,CLDR release-46 annotations
🌮,taco,墨西哥卷饼,mexican | taco,卷饼 | 玉米卷饼 | 墨西哥 | 墨西哥卷饼 | 墨西哥玉米卷,CLDR release-46 annotations
🌯,burrito,墨西哥玉米煎饼,burrito | mexican | wrap,卷饼 | 玉米煎饼 | 墨西哥 | 墨西哥卷饼 | 墨西哥玉米煎饼,CLDR release-46 annotations
🌰,chestnut,栗子,almond | chestnut | plant,杏仁 | 栗子,CLDR release-46 annotations
🌱,seedling,幼苗,plant | sapling | seedling | sprout | young,发芽 | 幼苗 | 芽 | 苗,CLDR release-46 annotations
🌲,evergreen tree,松树,christmas | evergreen | forest | pine | tree,圣诞树 | 常青树 | 松树 | 树,CLDR release-46 annotations
🌳,deciduous tree,落叶树,deciduous | forest | green | habitat | shedding | tree,树 | 落叶 | 落叶树 | 落叶植物,CLDR release-46 annotations
🌴,palm tree,棕榈树,beach | palm | plant | tree | tropical,树 | 棕榈 | 棕榈树 | 热带,CLDR release-46 annotations
🌵,cactus,仙人掌,cactus | desert | drought | nature | plant,仙人掌 | 干旱 | 植物 | 沙漠,CLDR release-46 annotations
🌶,hot pepper,红辣椒,hot | pepper,红辣椒 | 辣 | 辣椒,CLDR release-46 annotations
🌷,tulip,郁金香,blossom | flower | growth | plant | tulip,开花 | 花 | 郁金香,CLDR release-46 annotations
🌸,cherry blossom,樱花,blossom | cherry | flower | plant | spring | springtime,樱花 | 花,CLDR release-46 annotations
🌹,rose,玫瑰,beauty | elegant | flower | love | plant | red | rose | valentine,优雅 | 玫瑰 | 红玫瑰 | 花,CLDR release-46 annotations
🌺,hibiscus,芙蓉,flower | hibiscus | plant,木槿 | 植物 | 芙蓉 | 花,CLDR release-46 annotations
🌻,sunflower,向日葵,flower | outdoors | plant | sun | sunflower,向日葵 | 太阳 | 太阳花 | 花,CLDR release-46 annotations
🌼,blossom,开花,blossom | buttercup | dandelion | flower | plant,开花 | 花 | 蒲公英,CLDR release-46 annotations
🌽,ear of corn,玉米,corn | crops | ear | farm | maize | maze,农作物 | 包谷 | 玉米 | 苞米,CLDR release-46 annotations
🌾,sheaf of rice,稻子,ear | grain | grains | plant | rice | sheaf,稻 | 稻子 | 米 | 粮食 | 谷物,CLDR release-46 annotations
🌿,herb,药草,herb | leaf | plant,草药 | 药草 | 香草,CLDR release-46 annotations
🍀,four leaf clover,四叶草,4 | clover | four | four-leaf | irish | leaf | lucky | plant,四叶草 | 幸运 | 爱尔兰的,CLDR release-46 annotations
🍁,maple leaf,枫叶,falling | leaf | maple,枫叶 | 树叶 | 秋叶 | 落叶,CLDR release-46 annotations
🍂,fallen leaf,落叶,autumn | fall | fallen | falling | leaf,叶 | 秋 | 落叶,CLDR release-46 annotations
🍃,leaf fluttering in wind,风吹叶落,blow | flutter | fluttering | leaf | wind,叶子 | 树叶 | 随风飘舞 | 风吹叶落,CLDR release-46 annotations
🍄,mushroom,蘑菇,fungus | mushroom | toadstool,毒蕈 | 真菌 | 蘑菇,CLDR release-46 annotations
🍅,tomato,西红柿,food | fruit | tomato | vegetable,水果 | 番茄 | 蔬菜 | 西红柿,CLDR release-46 annotations
🍆,eggplant,茄子,aubergine | eggplant | vegetable,茄子 | 蔬菜,CLDR release-46 annotations
🍇,grapes,葡萄,Dionysus | fruit | grape | grapes,水果 | 葡萄,CLDR release-46 annotations
🍈,melon,甜瓜,cantaloupe | fruit | melon,哈密瓜 | 水果 | 甜瓜 | 蜜瓜 | 香瓜,CLDR release-46 annotations
🍉,watermelon,西瓜,fruit | watermelon,水果 | 西瓜,CLDR release-46 annotations
🍊,tangerine,橘子,c | citrus | fruit | nectarine | orange | tangerine | vitamin,柑桔 | 柑橘 | 桔子 | 橘子 | 水果 | 油桃 | 维他命 C,CLDR release-46 annotations
🍋,lemon,柠檬,citrus | fruit | lemon | sour,柑橘 | 柠檬 | 水果 | 酸,CLDR release-46 annotations
🍌,banana,香蕉,banana | fruit | potassium,水果 | 钾 | 香蕉,CLDR release-46 annotations
🍍,pineapple,菠萝,colada | fruit | pina | pineapple | tropical,水果 | 热带 | 菠萝,CLDR release-46 annotations
🍎,red apple,红苹果,apple | diet | food | fruit | health | red | ripe,健康 | 水果 | 熟 | 红 | 红苹果 | 苹果 | 食物,CLDR release-46 annotations
🍏,green apple,青苹果,apple | fruit | green,水果 | 苹果 | 青 | 青苹果,CLDR release-46 annotations
🍐,pear,梨,fruit | pear,梨 | 水果,CLDR release-46 annotations
🍑,peach,桃,fruit | peach,桃 | 水果,CLDR release-46 annotations
🍒,cherries,樱桃,berries | cherries | cherry | fruit | red,樱桃 | 水果,CLDR release-46 annotations
🍓,strawberry,草莓,berry | fruit | strawberry,水果 | 浆果 | 草莓,CLDR release-46 annotations
🍔,hamburger,汉堡,burger | eat | fast | food | hamburger | hungry,吃 | 汉堡 | 汉堡包 | 速食 | 食物 | 饿,CLDR release-46 annotations
🍕,pizza,披萨,cheese | food | hungry | pepperoni | pizza | slice,一片比萨 | 披萨 | 比萨 | 比萨饼 | 起司 | 辣味香肠 | 食物 | 饿,CLDR release-46 annotations
🍖,meat on bone,排骨,bone | meat,带骨的肉 | 排骨 | 肉 | 骨,CLDR release-46 annotations
🍗,poultry leg,家禽的腿,bone | chicken | drumstick | hungry | leg | poultry | turkey,家禽 | 家禽的腿 | 火鸡 | 饿 | 骨 | 鸡肉 | 鸡腿,CLDR release-46 annotations
🍘,rice cracker,米饼,cracker | food | rice,米 | 米果 | 米饼 | 食物,CLDR release-46 annotations
🍙,rice ball,饭团,ball | food | Japanese | rice,日式饭团 | 日本 | 米 | 食物 | 饭团,CLDR release-46 annotations
🍚,cooked rice,米饭,cooked | food | rice,主食 | 米 | 米饭 | 食物 | 饭,CLDR release-46 annotations
🍛,curry rice,咖喱饭,curry | food | rice,咖喱 | 咖喱饭 | 食物 | 饭,CLDR release-46 annotations
🍜,steaming bowl,面条,bowl | chopsticks | food | noodle | pho | ramen | soup | steaming,拉面 | 河粉 | 热气腾腾 | 热气腾腾面碗 | 碗 | 筷子 | 面条 | 食物,CLDR release-46 annotations
🍝,spaghetti,意粉,food | meatballs | pasta | restaurant | spaghetti,意大利面 | 意粉 | 意面 | 肉丸 | 食物 | 餐厅,CLDR release-46 annotations
🍞,bread,面包,bread | carbs | food | grain | loaf | restaurant | toast | wheat,一条面包 | 全麦面包 | 小麦 | 淀粉 | 烤面包 | 谷类 | 面包 | 食物 | 餐厅,CLDR release-46 annotations
🍟,french fries,薯条,fast | food | french | fries,快餐 | 油炸 | 薯条 | 食物,CLDR release-46 annotations
🍠,roasted sweet potato,烤红薯,food | potato | roasted | sweet,地瓜 | 烤地瓜 | 烤红薯 | 红薯 | 食物,CLDR release-46 annotations
🍡,dango,团子,dango | dessert | Japanese | skewer | stick | sweet,串 | 和果子 | 团子 | 日本 | 甜点 | 糖葫芦,CLDR release-46 annotations
🍢,oden,关东煮,food | kebab | oden | restaurant | seafood | skewer | stick,串 | 关东煮 | 卡博 | 海鲜 | 食物 | 餐馆,CLDR release-46 annotations
🍣,sushi,寿司,food | sushi,寿司 | 食物,CLDR release-46 annotations
🍤,fried shrimp,天妇罗,fried | prawn | shrimp | tempura,天妇罗 | 对虾 | 油炸 | 炸虾 | 虾,CLDR release-46 annotations
🍥,fish cake with swirl,鱼板,cake | fish | food | pastry | restaurant | swirl,鱼 | 鱼板 | 鱼饼,CLDR release-46 annotations
🍦,soft ice cream,圆筒冰激凌,cream | dessert | food | ice | icecream | restaurant | serve | soft | sweet,冰淇淋 | 圆筒冰淇淋 | 圆筒冰激凌 | 甜 | 甜点 | 霜淇淋 | 食物,CLDR release-46 annotations
🍧,shaved ice,刨冰,dessert | ice | restaurant | shaved | sweet,冰 | 冰沙 | 刨冰 | 沙冰 | 甜 | 甜点 | 餐馆,CLDR release-46 annotations
🍨,ice cream,冰淇淋,cream | dessert | food | ice | restaurant | sweet,冰 | 冰淇淋 | 冰激凌 | 奶油 | 甜 | 甜点 | 雪糕,CLDR release-46 annotations
🍩,doughnut,甜甜圈,breakfast | dessert | donut | doughnut | food | sweet,甜 | 甜点 | 甜甜圈 | 食物,CLDR release-46 annotations
🍪,cookie,饼干,chip | chocolate | cookie | dessert | sweet,巧克力片 | 曲奇 | 曲奇饼 | 甜点 | 饼干,CLDR release-46 annotations
🍫,chocolate bar,巧克力,bar | candy | chocolate | dessert | halloween | sweet | tooth,万圣节 | 巧克力 | 巧克力棒 | 甜 | 甜品 | 甜点 | 糖果,CLDR release-46 annotations
🍬,candy,糖,candy | cavities | dessert | halloween | restaurant | sweet | tooth | wrapper,万圣节 | 嗜甜食 | 爱吃甜食 | 甜 | 甜点 | 糖 | 糖果 | 糖果纸 | 蛀牙 | 餐馆,CLDR release-46 annotations
🍭,lollipop,棒棒糖,candy | dessert | food | lollipop | restaurant | sweet,果子 | 棒棒糖 | 甜 | 糖 | 糖果,CLDR release-46 annotations
🍮,custard,奶黄,custard | dessert | pudding | sweet,卡士达 | 奶黄 | 甜点 | 蛋奶冻 | 蛋奶沙司,CLDR release-46 annotations
🍯,honey pot,蜂蜜,barrel | bear | food | honey | honeypot | jar | pot | sweet,小熊维尼 | 桶 | 甜 | 蜂蜜 | 蜜罐,CLDR release-46 annotations
🍰,shortcake,水果蛋糕,cake | dessert | pastry | shortcake | slice | sweet,一片蛋糕 | 奶油 | 奶油酥饼 | 水果蛋糕 | 甜点 | 糕点 | 蛋糕,CLDR release-46 annotations
🍱,bento box,盒饭,bento | box | food,便当 | 便当盒 | 盒饭 | 食物,CLDR release-46 annotations
🍲,pot of food,一锅食物,food | pot | soup | stew,一锅食物 | 炖菜 | 锅 | 食物,CLDR release-46 annotations
🍳,cooking,煎蛋,breakfast | cooking | easy | egg | fry | frying | over | pan | restaurant | side | sunny | up,一面老一面嫩的煎蛋 | 做菜 | 只煎一面老 | 平底锅 | 早餐 | 煎 | 煎蛋 | 蛋 | 食堂,CLDR release-46 annotations
🍴,fork and knife,刀叉,breakfast | breaky | cooking | cutlery | delicious | dinner | eat | feed | food | fork | hungry | knife | lunch | restaurant | yum | yummy,中餐 | 刀 | 刀叉 | 午餐 | 叉 | 吃 | 吃早餐 | 吃饭 | 好吃 | 早餐 | 晚餐 | 烹调 | 西餐 | 餐具 | 饿了,CLDR release-46 annotations
🍵,teacup without handle,热茶,beverage | cup | drink | handle | oolong | tea | teacup,乌龙茶 | 无柄茶杯 | 杯 | 没有把手的茶杯 | 热茶 | 热饮 | 茶 | 茶杯 | 饮料,CLDR release-46 annotations
🍶,sake,清酒,bar | beverage | bottle | cup | drink | restaurant | sake,喝酒 | 清酒 | 清酒杯 | 清酒瓶 | 瓶 | 酒 | 酒吧 | 酒杯 | 饮料,CLDR release-46 annotations
🍷,wine glass,葡萄酒,alcohol | bar | beverage | booze | club | drink | drinking | drinks | glass | restaurant | wine,俱乐部 | 喝酒 | 葡萄酒 | 酒 | 酒吧 | 酒杯 | 饮料,CLDR release-46 annotations
🍸,cocktail glass,鸡尾酒,alcohol | bar | booze | club | cocktail | drink | drinking | drinks | glass | mad | martini | men,俱乐部 | 喝酒 | 杯 | 玻璃杯 | 酒 | 酒吧 | 马丁尼 | 鸡尾酒 | 鸡尾酒杯,CLDR release-46 annotations
🍹,tropical drink,热带水果饮料,alcohol | bar | booze | club | cocktail | drink | drinking | drinks | drunk | mai | party | tai | tropical | tropics,俱乐部 | 喝酒 | 热带水果饮料 | 热带饮料 | 酒 | 酒吧 | 饮料 | 鸡尾酒,CLDR release-46 annotations
🍺,beer mug,啤酒,alcohol | ale | bar | beer | booze | drink | drinking | drinks | mug | octoberfest | oktoberfest | pint | stein | summer,啤酒 | 啤酒节 | 喝酒 | 杯 | 酒 | 酒吧,CLDR release-46 annotations
🍻,clinking beer mugs,干杯,alcohol | bar | beer | booze | bottoms | cheers | clink | clinking | drinking | drinks | mugs,啤酒 | 喝酒 | 干杯 | 碰杯 | 酒 | 酒吧,CLDR release-46 annotations
🍼,baby bottle,奶瓶,babies | baby | birth | born | bottle | drink | infant | milk | newborn,奶 | 奶瓶 | 婴儿 | 新生儿,CLDR release-46 annotations
🍽,fork and knife with plate,餐具,cooking | dinner | eat | fork | knife | plate,做菜 | 刀 | 刀叉与盘 | 叉 | 晚餐 | 烹饪 | 盘 | 西餐 | 餐具,CLDR release-46 annotations
🍾,bottle with popping cork,开香槟,bar | bottle | cork | drink | popping,喝酒 | 庆祝 | 开香槟 | 木塞 | 瓶子 | 砰 | 砰木塞的瓶子 | 香槟,CLDR release-46 annotations
🍿,popcorn,爆米花,corn | movie | pop | popcorn,爆米花 | 看电影,CLDR release-46 annotations
🎀,ribbon,蝴蝶结,celebration | ribbon,丝带 | 庆祝 | 缎带 | 蝴蝶结,CLDR release-46 annotations
🎁,wrapped gift,礼物,birthday | bow | box | celebration | christmas | gift | present | surprise | wrapped,包礼物 | 包装 | 圣诞 | 庆祝 | 惊喜 | 生日礼物 | 盒子 | 礼品 | 礼物,CLDR release-46 annotations
🎂,birthday cake,生日蛋糕,bday | birthday | cake | celebration | dessert | happy | pastry | sweet,庆祝 | 甜 | 甜点 | 生日 | 生日快乐 | 生日蛋糕 | 糕点 | 蛋糕,CLDR release-46 annotations
🎃,jack-o-lantern,南瓜灯,celebration | halloween | jack | jack-o-lantern | lantern | pumpkin,万圣节 | 南瓜 | 南瓜灯 | 庆祝 | 灯 | 灯笼,CLDR release-46 annotations
🎄,Christmas tree,圣诞树,celebration | Christmas | tree,圣诞 | 圣诞树 | 庆祝 | 树 | 装饰,CLDR release-46 annotations
🎅,Santa Claus,圣诞老人,celebration | Christmas | claus | fairy | fantasy | father | holiday | merry | santa | tale | xmas,圣诞 | 圣诞老人 | 圣诞节 | 节日,CLDR release-46 annotations
🎆,fireworks,焰火,boom | celebration | entertainment | fireworks | yolo,庆典 | 庆祝 | 炮竹 | 烟花 | 焰火 | 爆竹,CLDR release-46 annotations
🎇,sparkler,烟花,boom | celebration | fireworks | sparkle | sparkler,庆祝 | 火花 | 烟火 | 烟花 | 焰火,CLDR release-46 annotations
🎈,balloon,气球,balloon | birthday | celebrate | celebration,庆祝 | 气球 | 生日 | 节日,CLDR release-46 annotations
🎉,party popper,拉炮彩带,awesome | birthday | celebrate | celebration | excited | hooray | party | popper | tada | woohoo,兴奋 | 呱呱叫 | 庆祝 | 彩带 | 拉炮 | 拉炮彩带 | 派对 | 派对礼宾花 | 生日,CLDR release-46 annotations
🎊,confetti ball,五彩纸屑球,ball | celebrate | celebration | confetti | party | woohoo,五彩纸屑 | 五彩纸屑球 | 庆祝 | 彩色纸屑 | 球 | 舞会,CLDR release-46 annotations
🎋,tanabata tree,七夕树,banner | celebration | Japanese | tanabata | tree,七夕 | 七夕树 | 庆祝 | 日本 | 条幅 | 树,CLDR release-46 annotations
🎌,crossed flags,交叉旗,celebration | cross | crossed | flags | Japanese,交叉旗 | 对叉 | 旗 | 旗帜 | 日本,CLDR release-46 annotations
🎍,pine decoration,门松,bamboo | celebration | decoration | Japanese | pine | plant,庆祝 | 日本 | 松树 | 盆栽 | 竹 | 门松,CLDR release-46 annotations
🎎,Japanese dolls,日本人形,celebration | doll | dolls | festival | Japanese,人偶 | 娃娃 | 庆祝 | 日本 | 日本人偶 | 日本人形 | 节日,CLDR release-46 annotations
🎏,carp streamer,鲤鱼旗,carp | celebration | streamer,庆祝 | 日本 | 男孩节 | 长旗 | 鲤鱼旗,CLDR release-46 annotations
🎐,wind chime,风铃,bell | celebration | chime | wind,庆祝 | 铃铛 | 风 | 风铃,CLDR release-46 annotations
🎑,moon viewing ceremony,赏月,celebration | ceremony | moon | viewing,中秋 | 佳节 | 庆祝 | 月亮 | 祭月 | 赏月,CLDR release-46 annotations
🎒,backpack,书包,backpack | backpacking | bag | bookbag | education | rucksack | satchel | school,上学 | 书包 | 包,CLDR release-46 annotations
🎓,graduation cap,毕业帽,cap | celebration | clothing | education | graduation | hat | scholar,四方帽 | 学位 | 学者 | 毕业 | 毕业帽,CLDR release-46 annotations
🎖,military medal,军功章,award | celebration | medal | military,军功章 | 军队 | 勋章 | 奖章,CLDR release-46 annotations
🎗,reminder ribbon,提示丝带,celebration | reminder | ribbon,丝带 | 庆典 | 庆祝 | 提示丝带 | 暗示 | 飘带,CLDR release-46 annotations
🎙,studio microphone,录音室麦克风,mic | microphone | music | studio,录音室 | 录音室麦克风 | 音乐 | 麦 | 麦克 | 麦克风,CLDR release-46 annotations
🎚,level slider,电平滑块,level | music | slider,滑块 | 电平 | 电平滑块 | 调节 | 调节滑块 | 音乐 | 音量,CLDR release-46 annotations
🎛,control knobs,控制旋钮,control | knobs | music,控制 | 控制旋钮 | 旋钮 | 调节 | 音乐,CLDR release-46 annotations
🎞,film frames,影片帧,cinema | film | frames | movie,帧 | 影片帧 | 电影 | 电影胶卷 | 电影胶片 | 胶卷 | 胶片,CLDR release-46 annotations
🎟,admission tickets,入场券,admission | ticket | tickets,入场券 | 票 | 门票,CLDR release-46 annotations
🎠,carousel horse,旋转木马,carousel | entertainment | horse,旋转木马 | 木马 | 游乐园,CLDR release-46 annotations
🎡,ferris wheel,摩天轮,amusement | ferris | park | theme | wheel,摩天轮 | 游乐园,CLDR release-46 annotations
🎢,roller coaster,过山车,amusement | coaster | park | roller | theme,游乐园 | 过山车,CLDR release-46 annotations
🎣,fishing pole,钓鱼竿,entertainment | fish | fishing | pole | sport,钓竿 | 钓鱼竿 | 鱼杆,CLDR release-46 annotations
🎤,microphone,麦克风,karaoke | mic | microphone | music | sing | sound,k歌 | 卡拉ok | 卡拉OK | 唱K | 唱歌 | 麦 | 麦克 | 麦克风,CLDR release-46 annotations
🎥,movie camera,电影摄影机,bollywood | camera | cinema | film | hollywood | movie | record,录像 | 摄像机 | 摄录机 | 摄影 | 摄影机 | 电影 | 电影摄影机,CLDR release-46 annotations
🎦,cinema,电影院,camera | cinema | film | movie,剧院 | 场所 | 影片 | 摄影机 | 电影 | 电影院,CLDR release-46 annotations
🎧,headphone,耳机,earbud | headphone | sound,头戴式耳机 | 耳塞 | 耳机,CLDR release-46 annotations
🎨,artist palette,调色盘,art | artist | artsy | arty | colorful | creative | entertainment | museum | painter | painting | palette,创意 | 博物馆 | 多种色彩 | 娱乐 | 画家 | 画画 | 绘画 | 艺术 | 调色板 | 调色盘,CLDR release-46 annotations
🎩,top hat,礼帽,clothes | clothing | fancy | formal | hat | magic | top | tophat,帽子 | 正式 | 礼帽 | 高帽,CLDR release-46 annotations
🎪,circus tent,马戏团帐篷,circus | tent,帐篷 | 马戏团 | 马戏团帐篷,CLDR release-46 annotations
🎫,ticket,票,admission | stub | ticket,入场券 | 电影票 | 票 | 票根 | 车票 | 门票,CLDR release-46 annotations
🎬,clapper board,场记板,action | board | clapper | movie,场记 | 场记板 | 打板 | 拍电影,CLDR release-46 annotations
🎭,performing arts,表演艺术,actor | actress | art | arts | entertainment | mask | performing | theater | theatre | thespian,剧院 | 女演员 | 戏剧 | 演员 | 艺术 | 莎士比亚 | 表演 | 表演艺术 | 面具,CLDR release-46 annotations
🎮,video game,游戏手柄,controller | entertainment | game | video,手柄 | 游戏 | 游戏手柄 | 游戏控制器 | 电子游戏,CLDR release-46 annotations
🎯,bullseye,正中靶心的飞镖,bull | bullseye | dart | direct | entertainment | game | hit | target,命中 | 标的 | 正中靶心的飞镖 | 直接命中 | 要害 | 靶心 | 飞镖,CLDR release-46 annotations
🎰,slot machine,老虎机,casino | gamble | gambling | game | machine | slot | slots,吃角子老虎 | 游戏 | 老虎机 | 角子机 | 赌博 | 赌场,CLDR release-46 annotations
🎱,pool 8 ball,台球,8 | 8ball | ball | billiard | eight | game | pool,8 球制桌球 | 8号球 | 台球 | 台球台 | 游戏 | 霹雳八球,CLDR release-46 annotations
🎲,game die,骰子,dice | die | entertainment | game,掷骰子 | 色子 | 骰子 | 骰子游戏,CLDR release-46 annotations
🎳,bowling,保龄球,ball | bowling | game | sport | strike,保龄球 | 全倒 | 球 | 运动,CLDR release-46 annotations
🎴,flower playing cards,花札,card | cards | flower | game | Japanese | playing,卡牌 | 日本 | 游戏 | 花斗 | 花札 | 花牌,CLDR release-46 annotations
🎵,musical note,音符,music | musical | note | sound,乐谱 | 五线谱 | 八分音符 | 音乐 | 音符,CLDR release-46 annotations
🎶,musical notes,多个音符,music | musical | note | notes | sound,乐谱 | 五线谱 | 八分音符 | 多个音符 | 音乐 | 音符,CLDR release-46 annotations
🎷,saxophone,萨克斯管,instrument | music | sax | saxophone,乐器 | 吹奏 | 演奏 | 萨克斯管 | 萨克斯风 | 音乐,CLDR release-46 annotations
🎸,guitar,吉他,guitar | instrument | music | strat,乐器 | 吉他 | 弹奏 | 演奏 | 电吉他 | 音乐,CLDR release-46 annotations
🎹,musical keyboard,音乐键盘,instrument | keyboard | music | musical | piano,乐器 | 弹奏 | 演奏 | 钢琴 | 音乐 | 音乐键盘,CLDR release-46 annotations
🎺,trumpet,小号,instrument | music | trumpet,乐器 | 吹奏 | 喇叭 | 小号 | 音乐,CLDR release-46 annotations
🎻,violin,小提琴,instrument | music | violin,乐器 | 小提琴 | 提琴 | 是特拉迪瓦尔 | 演奏 | 音乐,CLDR release-46 annotations
🎼,musical score,乐谱,music | musical | note | score,乐谱 | 五线谱 | 曲谱 | 音乐 | 音符,CLDR release-46 annotations
🎽,running shirt,运动背心,athletics | running | sash | shirt,上衣 | 跑步 | 运动服 | 运动背心 | 饰带,CLDR release-46 annotations
🎾,tennis,网球,ball | racquet | sport | tennis,球 | 球拍 | 网球 | 网球拍,CLDR release-46 annotations
🎿,skis,滑雪,ski | skis | snow | sport,滑雪 | 运动 | 雪,CLDR release-46 annotations
🏀,basketball,篮球,ball | basketball | hoop | sport,打球 | 球 | 篮球 | 篮筐 | 运动,CLDR release-46 annotations
🏁,chequered flag,黑白方格旗,checkered | chequered | finish | flag | flags | game | race | racing | sport | win,方格 | 格子旗 | 竞赛 | 终点 | 终点旗 | 黑白方格,CLDR release-46 annotations
🏂,snowboarder,滑雪板,ski | snow | snowboard | snowboarder | sport,单板 | 单板滑雪 | 滑雪 | 滑雪板 | 雪,CLDR release-46 annotations
🏃,person running,跑步者,fast | hurry | marathon | move | person | quick | race | racing | run | rush | speed,匆忙 | 向前冲 | 奔跑 | 快跑 | 赛跑 | 跑步 | 跑步者 | 跑路 | 闪人 | 马拉松,CLDR release-46 annotations
🏄,person surfing,冲浪,beach | ocean | person | sport | surf | surfer | surfing | swell | waves,冲浪 | 冲浪的人 | 冲浪者 | 波浪 | 海上运动 | 海洋 | 海滩 | 涌浪 | 网上冲浪 | 运动,CLDR release-46 annotations
🏅,sports medal,奖牌,award | gold | medal | sports | winner,奖牌 | 获胜 | 运动会奖牌 | 运动员 | 金牌,CLDR release-46 annotations
🏆,trophy,奖杯,champion | champs | prize | slay | sport | trophy | victory | win | winning,冠军 | 奖励 | 奖品 | 奖杯 | 奖赏 | 胜利 | 获胜,CLDR release-46 annotations
🏇,horse racing,赛马,horse | jockey | racehorse | racing | riding | sport,三冠 | 赛马 | 赛马骑师 | 马 | 骑师 | 骑马,CLDR release-46 annotations
🏈,american football,美式橄榄球,american | ball | bowl | football | sport | super,橄榄球 | 球 | 美式橄榄球,CLDR release-46 annotations
🏉,rugby football,英式橄榄球,ball | football | rugby | sport,橄榄球 | 球 | 英式橄榄球 | 运动,CLDR release-46 annotations
🏊,person swimming,游泳,freestyle | person | sport | swim | swimmer | swimming | triathlon,游泳 | 游泳的人 | 游泳者 | 自由泳 | 运动 | 铁人三项,CLDR release-46 annotations
🏋,person lifting weights,举重,barbell | bodybuilder | deadlift | lifter | lifting | person | powerlifting | weight | weightlifter | weights | workout,举重 | 举重的人 | 举重运动员 | 举铁 | 健美者 | 力量举重 | 杠铃 | 硬拉 | 训练 | 运动,CLDR release-46 annotations
🏌,person golfing,打高尔夫的人,ball | birdie | caddy | driving | golf | golfing | green | person | pga | putt | range | tee,pga | 小鸟球 | 打高尔夫的人 | 推杆进球 | 球 | 球座 | 球穴区 | 球童 | 职业高尔夫协会 | 运动 | 高尔夫,CLDR release-46 annotations
🏍,motorcycle,摩托车,motorcycle | racing,摩托 | 摩托车 | 赛车,CLDR release-46 annotations
🏎,racing car,赛车,car | racing | zoom,汽车 | 疾驰 | 赛车 | 跑车,CLDR release-46 annotations
🏏,cricket game,板球,ball | bat | cricket | game,板球 | 球 | 球拍,CLDR release-46 annotations
🏐,volleyball,排球,ball | game | volleyball,排球 | 球 | 球赛,CLDR release-46 annotations
🏑,field hockey,曲棍球,ball | field | game | hockey | stick,曲棍球 | 球 | 球棍 | 球赛,CLDR release-46 annotations
🏒,ice hockey,冰球,game | hockey | ice | puck | stick,冰球 | 冰球杆 | 球 | 球棍,CLDR release-46 annotations
🏓,ping pong,乒乓球,ball | bat | game | paddle | ping | pingpong | pong | table | tennis,乒乓 | 乒乓球 | 桌球 | 比赛 | 球 | 球拍,CLDR release-46 annotations
🏔,snow-capped mountain,雪山,cold | mountain | snow | snow-capped,冷 | 山 | 泠 | 雪 | 雪封山头 | 雪山 | 雪顶,CLDR release-46 annotations
🏕,camping,露营,camping,帐篷 | 露营,CLDR release-46 annotations
🏖,beach with umbrella,沙滩伞,beach | umbrella,伞 | 有伞的海滩 | 沙滩 | 沙滩伞 | 海滩 | 阳伞,CLDR release-46 annotations
🏗,building construction,施工,building | construction | crane,兴建 | 建筑施工 | 施工,CLDR release-46 annotations
🏘,houses,房屋建筑,house | houses,住宅 | 小区 | 房 | 房子 | 房屋建筑,CLDR release-46 annotations
🏙,cityscape,城市风光,city | cityscape,城市 | 城市风光 | 都市 | 都市景观 | 高楼大厦,CLDR release-46 annotations
🏚,derelict house,废墟,derelict | home | house,废墟 | 废屋 | 荒宅 | 荒废 | 鬼屋,CLDR release-46 annotations
🏛,classical building,古典建筑,building | classical,古典 | 古典建筑 | 古建筑,CLDR release-46 annotations
🏜,desert,沙漠,desert,沙漠 | 荒漠,CLDR release-46 annotations
🏝,desert island,无人荒岛,desert | island,岛 | 无人荒岛 | 沙滩孤岛 | 沙漠 | 荒岛,CLDR release-46 annotations
🏞,national park,国家公园,national | park,公园 | 国家公园 | 自然 | 风景,CLDR release-46 annotations
🏟,stadium,体育馆,stadium,体育馆 | 竞技场,CLDR release-46 annotations
🏠,house,房子,building | country | heart | home | house | ranch | settle | simple | suburban | suburbia | where,住家 | 家 | 乡村家园 | 建筑 | 心之所在 | 房子 | 房屋 | 郊区,CLDR release-46 annotations
🏡,house with garden,别墅,building | country | garden | heart | home | house | ranch | settle | simple | suburban | suburbia | where,住家 | 别墅 | 家 | 乡村家园 | 庭院 | 庭院居家 | 建筑 | 心之所在 | 房子 | 花园 | 郊区,CLDR release-46 annotations
🏢,office building,办公楼,building | city | cubical | job | office,写字楼 | 办公楼 | 建筑,CLDR release-46 annotations
🏣,Japanese post office,日本邮局,building | Japanese | office | post,建筑 | 日本 | 日本邮局 | 邮便 | 邮局,CLDR release-46 annotations
🏤,post office,邮局,building | European | office | post,建筑 | 欧洲 | 欧洲邮局 | 邮局,CLDR release-46 annotations
🏥,hospital,医院,building | doctor | hospital | medicine,医生 | 医药 | 医院 | 建筑 | 看病,CLDR release-46 annotations
🏦,bank,银行,bank | building,建筑 | 银行,CLDR release-46 annotations
🏧,ATM sign,取款机,ATM | automated | bank | cash | money | sign | teller,ATM | 取款机 | 提款机 | 柜员机 | 标识 | 银行,CLDR release-46 annotations
🏨,hotel,酒店,building | hotel,建筑 | 旅馆 | 酒店,CLDR release-46 annotations
🏩,love hotel,情人酒店,building | hotel | love,建筑 | 情人旅馆 | 情人酒店 | 情侣酒店 | 旅馆,CLDR release-46 annotations
🏪,convenience store,便利店,24 | building | convenience | hours | store,24 小时 | 便利店 | 商店 | 建筑,CLDR release-46 annotations
🏫,school,学校,building | school,学校 | 建筑 | 教学楼,CLDR release-46 annotations
🏬,department store,商场,building | department | store,商场 | 建筑 | 百货公司 | 百货商城 | 百货商店,CLDR release-46 annotations
🏭,factory,工厂,building | factory,工厂 | 建筑,CLDR release-46 annotations
🏮,red paper lantern,红灯笼,bar | lantern | light | paper | red | restaurant,光 | 喜庆 | 居酒屋 | 日本 | 灯笼 | 红灯笼 | 节日 | 酒馆 | 餐馆,CLDR release-46 annotations
🏯,Japanese castle,日本城堡,building | castle | Japanese,城堡 | 建筑 | 日本 | 日本城堡,CLDR release-46 annotations
🏰,castle,欧洲城堡,building | castle | European,城堡 | 建筑 | 欧洲 | 欧洲城堡,CLDR release-46 annotations
🏳,white flag,白旗,flag | waving | white,举白旗 | 摇白旗 | 白旗 | 白色旗子 | 白色旗帜,CLDR release-46 annotations
🏴,black flag,黑旗,black | flag | waving,举黑旗 | 摇黑棋 | 黑旗 | 黑色旗 | 黑色旗子 | 黑色旗帜,CLDR release-46 annotations
🏵,rosette,圆形花饰,plant | rosette,光荣花 | 圆形花饰 | 植物 | 花 | 花圈,CLDR release-46 annotations
🏷,label,标签,label | tag,吊牌 | 标签 | 标记 | 行李牌,CLDR release-46 annotations
🏸,badminton,羽毛球,badminton | birdie | game | racquet | shuttlecock,球拍 | 羽毛球 | 羽球,CLDR release-46 annotations
🏹,bow and arrow,弓和箭,archer | archery | arrow | bow | Sagittarius | tool | weapon | zodiac,人马座 | 射手 | 射手座 | 射箭 | 弓 | 弓和箭 | 弓箭 | 箭,CLDR release-46 annotations
🏺,amphora,双耳瓶,amphora | Aquarius | cooking | drink | jug | tool | weapon | zodiac,双耳瓶 | 壶 | 水瓶 | 罐,CLDR release-46 annotations
🏻,light skin tone,较浅肤色,1–2 | light | skin | tone | type,肤色 | 较浅肤色,CLDR release-46 annotations
🏼,medium-light skin tone,中等-浅肤色,3 | medium-light | skin | tone | type,中等-浅肤色 | 肤色,CLDR release-46 annotations
🏽,medium skin tone,中等肤色,4 | medium | skin | tone | type,中等肤色 | 肤色,CLDR release-46 annotations
🏾,medium-dark skin tone,中等-深肤色,5 | medium-dark | skin | tone | type,中等-深肤色 | 肤色,CLDR release-46 annotations
🏿,dark skin tone,较深肤色,6 | dark | skin | tone | type,肤色 | 较深肤色,CLDR release-46 annotations
🐀,rat,耗子,animal | rat,耗子 | 鼠,CLDR release-46 annotations
🐁,mouse,老鼠,animal | animals | mouse,老鼠 | 耗子 | 鼠,CLDR release-46 annotations
🐂,ox,公牛,animal | animals | bull | farm | ox | Taurus | zodiac,公牛 | 牛 | 金牛座 | 黄道十二宫,CLDR release-46 annotations
🐃,water buffalo,水牛,animal | buffalo | water | zoo,水牛,CLDR release-46 annotations
🐄,cow,奶牛,animal | animals | cow | farm | milk | moo,乳牛 | 奶牛 | 牛,CLDR release-46 annotations
🐅,tiger,老虎,animal | big | cat | predator | tiger | zoo,动物园 | 老虎 | 虎,CLDR release-46 annotations
🐆,leopard,豹子,animal | big | cat | leopard | predator | zoo,动物 | 猎豹 | 豹 | 豹子,CLDR release-46 annotations
🐇,rabbit,兔子,animal | bunny | pet | rabbit,兔 | 兔子 | 动物,CLDR release-46 annotations
🐈,cat,猫,animal | animals | cat | cats | kitten | pet,宠物 | 小猫 | 猫,CLDR release-46 annotations
🐉,dragon,龙,animal | dragon | fairy | fairytale | knights | tale,中国 | 权力的游戏 | 龙,CLDR release-46 annotations
🐊,crocodile,鳄鱼,animal | crocodile | zoo,鳄鱼,CLDR release-46 annotations
🐋,whale,鲸鱼,animal | beach | ocean | whale,鲸鱼,CLDR release-46 annotations
🐌,snail,蜗牛,animal | escargot | garden | nature | slug | snail,法国蜗牛 | 蜗牛,CLDR release-46 annotations
🐍,snake,蛇,animal | bearer | Ophiuchus | serpent | snake | zodiac,持票人 | 狡猾的人 | 蛇 | 蛇夫座 | 黄道十二宫,CLDR release-46 annotations
🐎,horse,马,animal | equestrian | farm | horse | racehorse | racing,动物 | 比赛 | 赛马 | 马 | 骑马,CLDR release-46 annotations
🐏,ram,公羊,animal | Aries | horns | male | ram | sheep | zodiac | zoo,公羊 | 白羊座 | 羊 | 雄性 | 黄道十二宫,CLDR release-46 annotations
🐐,goat,山羊,animal | Capricorn | farm | goat | milk | zodiac,山羊 | 摩羯座 | 黄道十二宫,CLDR release-46 annotations
🐑,ewe,母羊,animal | baa | ewe | farm | female | fluffy | lamb | sheep | wool,咩 | 母羊 | 毛茸茸 | 绵羊 | 羊 | 羊毛 | 雌性,CLDR release-46 annotations
🐒,monkey,猴子,animal | banana | monkey,猴 | 猴子,CLDR release-46 annotations
🐓,rooster,公鸡,animal | bird | ornithology | rooster,公鸡 | 动物 | 鸡,CLDR release-46 annotations
🐔,chicken,鸡,animal | bird | chicken | ornithology,动物 | 鸡,CLDR release-46 annotations
🐕,dog,狗,animal | animals | dog | dogs | pet,动物 | 宠物 | 小狗 | 汪星人 | 狗,CLDR release-46 annotations
🐖,pig,猪,animal | bacon | farm | pig | pork | sow,培根 | 猪 | 猪肉,CLDR release-46 annotations
🐗,boar,野猪,animal | boar | pig,动物 | 猪 | 野猪,CLDR release-46 annotations
🐘,elephant,大象,animal | elephant,动物 | 大象 | 象,CLDR release-46 annotations
🐙,octopus,章鱼,animal | creature | ocean | octopus,八爪 | 章鱼 | 鱼,CLDR release-46 annotations
🐚,spiral shell,海螺,animal | beach | conch | sea | shell | spiral,海螺 | 螺 | 螺旋,CLDR release-46 annotations
🐛,bug,毛毛虫,animal | bug | garden | insect,昆虫 | 毛毛虫 | 毛虫,CLDR release-46 annotations
🐜,ant,蚂蚁,animal | ant | garden | insect,蚂蚁,CLDR release-46 annotations
🐝,honeybee,蜜蜂,animal | bee | bumblebee | honey | honeybee | insect | nature | spring,勤劳 | 昆虫 | 蜂蜜 | 蜜蜂,CLDR release-46 annotations
🐞,lady beetle,瓢虫,animal | beetle | garden | insect | lady | ladybird | ladybug | nature,昆虫 | 母 | 瓢虫,CLDR release-46 annotations
🐟,fish,鱼,animal | dinner | fish | fishes | fishing | Pisces | zodiac,双鱼座 | 星座 | 鱼 | 黄道十二宫,CLDR release-46 annotations
🐠,tropical fish,热带鱼,animal | fish | fishes | tropical,热带 | 热带鱼 | 鱼,CLDR release-46 annotations
🐡,blowfish,河豚,animal | blowfish | fish,河豚 | 鱼,CLDR release-46 annotations
🐢,turtle,龟,animal | terrapin | tortoise | turtle,乌龟 | 海龟 | 陆龟 | 龟,CLDR release-46 annotations
🐣,hatching chick,小鸡破壳,animal | baby | bird | chick | egg | hatching,小鸡 | 小鸡破壳 | 破壳,CLDR release-46 annotations
🐤,baby chick,小鸡,animal | baby | bird | chick | ornithology,小鸡 | 鸡,CLDR release-46 annotations
🐥,front-facing baby chick,正面朝向的小鸡,animal | baby | bird | chick | front-facing | newborn | ornithology,小鸡 | 正面朝向的小鸡,CLDR release-46 annotations
🐦,bird,鸟,animal | bird | ornithology,动物 | 鸟 | 鸟类学,CLDR release-46 annotations
🐧,penguin,企鹅,animal | antarctica | bird | ornithology | penguin,企鹅 | 南极 | 南极洲,CLDR release-46 annotations
🐨,koala,考拉,animal | australia | bear | down | face | koala | marsupial | under,动物 | 有袋类动物 | 树袋熊 | 澳大利亚 | 考拉,CLDR release-46 annotations
🐩,poodle,贵宾犬,animal | dog | fluffy | poodle,卷毛狗 | 毛茸茸 | 狗 | 贵宾犬,CLDR release-46 annotations
🐪,camel,骆驼,animal | camel | desert | dromedary | hump | one,单峰 | 单峰驼 | 沙漠 | 驼峰 | 骆驼,CLDR release-46 annotations
🐫,two-hump camel,双峰骆驼,animal | bactrian | camel | desert | hump | two | two-hump,双峰 | 双峰骆驼 | 沙漠 | 骆驼,CLDR release-46 annotations
🐬,dolphin,海豚,animal | beach | dolphin | flipper | ocean,海豚 | 鸭脚板,CLDR release-46 annotations
🐭,mouse face,老鼠头,animal | face | mouse,老鼠头 | 鼠,CLDR release-46 annotations
🐮,cow face,奶牛头,animal | cow | face | farm | milk | moo,乳牛 | 奶牛 | 奶牛头 | 母牛 | 牛头 | 脸,CLDR release-46 annotations
🐯,tiger face,老虎头,animal | big | cat | face | predator | tiger,森林之王 | 老虎 | 老虎头 | 脸,CLDR release-46 annotations
🐰,rabbit face,兔子头,animal | bunny | face | pet | rabbit,兔 | 兔子头 | 兔宝宝 | 宠物,CLDR release-46 annotations
🐱,cat face,猫脸,animal | cat | face | kitten | kitty | pet,宠物 | 猫 | 猫咪 | 猫脸 | 脸,CLDR release-46 annotations
🐲,dragon face,龙头,animal | dragon | face | fairy | fairytale | tale,神话 | 童话 | 龙 | 龙头,CLDR release-46 annotations
🐳,spouting whale,喷水的鲸,animal | beach | face | ocean | spouting | whale,喷水 | 喷水的鲸 | 鲸,CLDR release-46 annotations
🐴,horse face,马头,animal | dressage | equine | face | farm | horse | horses,盛装舞步 | 马 | 马头,CLDR release-46 annotations
🐵,monkey face,猴头,animal | banana | face | monkey,动物 | 猴 | 猴头 | 猴子,CLDR release-46 annotations
🐶,dog face,狗脸,adorbs | animal | dog | face | pet | puppies | puppy,宠物 | 小狗 | 汪星人 | 狗 | 狗脸 | 脸,CLDR release-46 annotations
🐷,pig face,猪头,animal | bacon | face | farm | pig | pork,八戒 | 猪 | 猪头 | 脸,CLDR release-46 annotations
🐸,frog,青蛙,animal | face | frog,动物 | 头 | 脸 | 青蛙 | 青蛙头,CLDR release-46 annotations
🐹,hamster,仓鼠,animal | face | hamster | pet,仓鼠 | 仓鼠头 | 啮齿 | 头 | 宠物 | 脸,CLDR release-46 annotations
🐺,wolf,狼,animal | face | wolf,头 | 狼 | 狼头 | 脸,CLDR release-46 annotations
🐻,bear,熊,animal | bear | face | grizzly | growl | honey,低吼 | 头 | 灰熊 | 熊 | 熊头 | 熊脸 | 脸,CLDR release-46 annotations
🐼,panda,熊猫,animal | bamboo | face | panda,头 | 熊猫 | 熊猫脸 | 猫熊 | 猫熊脸 | 胖达 | 脸,CLDR release-46 annotations
🐽,pig nose,猪鼻子,animal | face | farm | nose | pig | smell | snout,猪 | 猪鼻子 | 脸 | 闻 | 鼻 | 鼻子,CLDR release-46 annotations
🐾,paw prints,爪印,feet | paw | paws | print | prints,爪 | 爪印 | 爪子 | 足迹,CLDR release-46 annotations
🐿,chipmunk,松鼠,animal | chipmunk | squirrel,松鼠 | 花栗鼠 | 金花鼠,CLDR release-46 annotations
👀,eyes,双眼,body | eye | eyes | face | googly | look | looking | omg | peep | see | seeing,双眼 | 看 | 眼睛 | 窥视 | 身体,CLDR release-46 annotations
👁,eye,眼睛,1 | body | eye | one,单眼 | 看 | 眼 | 眼睛 | 身体,CLDR release-46 annotations
👂,ear,耳朵,body | ear | ears | hear | hearing | listen | listening | sound,仔细听 | 听 | 耳 | 耳朵,CLDR release-46 annotations
👃,nose,鼻子,body | nose | noses | nosey | odor | smell | smells,嗅 | 气味 | 闻 | 鼻 | 鼻子,CLDR release-46 annotations
👄,mouth,嘴,beauty | body | kiss | kissing | lips | lipstick | mouth,口 | 口红 | 吻 | 唇 | 唇膏 | 嘴,CLDR release-46 annotations
👅,tongue,舌头,body | lick | slurp | tongue,啧啧地喝 | 舌 | 舌头 | 舔 | 身体,CLDR release-46 annotations
👆,backhand index pointing up,反手食指向上指,backhand | finger | hand | index | point | pointing | up,反手 | 反手食指向上指 | 向上指 | 手 | 指上 | 食指,CLDR release-46 annotations
👇,backhand index pointing down,反手食指向下指,backhand | down | finger | hand | index | point | pointing,反手 | 反手食指向下指 | 向下指 | 手 | 指下 | 食指,CLDR release-46 annotations
👈,backhand index pointing left,反手食指向左指,backhand | finger | hand | index | left | point | pointing,反手 | 反手食指向左指 | 向左指 | 手 | 指左 | 食指,CLDR release-46 annotations
👉,backhand index pointing right,反手食指向右指,backhand | finger | hand | index | point | pointing | right,反手 | 反手食指向右指 | 向右指 | 手 | 指右 | 食指,CLDR release-46 annotations
👊,oncoming fist,出拳,absolutely | agree | boom | bro | bruh | bump | clenched | correct | fist | hand | knuckle | oncoming | pound | punch | rock | ttyl,出拳 | 完全同意 | 手 | 打 | 拳 | 挥拳过来 | 绝对正确,CLDR release-46 annotations
👋,waving hand,挥手,bye | cya | g2g | greetings | gtg | hand | hello | hey | hi | later | outtie | ttfn | ttyl | wave | yo | you,你好 | 再见 | 嗨 | 在吗 | 手 | 挥手 | 等一下 | 等等 | 该走了,CLDR release-46 annotations
👌,OK hand,OK,awesome | bet | dope | fleek | fosho | got | gotcha | hand | legit | OK | okay | pinch | rad | sure | sweet | three,OK | OK 手势 | 可以 | 同意 | 好的 | 当然 | 手 | 没问题 | 确定,CLDR release-46 annotations
👍,thumbs up,拇指向上,+1 | good | hand | like | thumb | up | yes,同意 | 好 | 手 | 拇指 | 拇指向上 | 真棒 | 赞 | 赞成 | 顶一下,CLDR release-46 annotations
👎,thumbs down,拇指向下,-1 | bad | dislike | down | good | hand | no | nope | thumb | thumbs,不赞成 | 反对 | 否决 | 手 | 拇指向下 | 责备,CLDR release-46 annotations
👏,clapping hands,鼓掌,applause | approval | awesome | clap | congrats | congratulations | excited | good | great | hand | homie | job | nice | prayed | well | yay,干得好 | 恭喜 | 拍手 | 赞成 | 鼓掌,CLDR release-46 annotations
👐,open hands,张开双手,hand | hands | hug | jazz | open | swerve,十 | 双手 | 张开双手 | 摊手,CLDR release-46 annotations
👑,crown,皇冠,clothing | crown | family | king | medieval | queen | royal | royalty | win,国王 | 权力的游戏 | 王冠 | 王后 | 皇冠 | 皇家,CLDR release-46 annotations
👒,woman’s hat,女帽,clothes | clothing | garden | hat | hats | party | woman | woman’s,女 | 女帽 | 女式 | 帽子 | 花园派对,CLDR release-46 annotations
👓,glasses,眼镜,clothing | eye | eyeglasses | eyewear | glasses,服饰 | 眼睛 | 眼镜,CLDR release-46 annotations
👔,necktie,领带,clothing | employed | necktie | serious | shirt | tie,工作 | 正式 | 衬衫领带 | 领带,CLDR release-46 annotations
👕,t-shirt,T恤,blue | casual | clothes | clothing | collar | dressed | shirt | shopping | t-shirt | tshirt | weekend,T恤 | 休闲服装 | 恤衫,CLDR release-46 annotations
👖,jeans,牛仔裤,blue | casual | clothes | clothing | denim | dressed | jeans | pants | shopping | trousers | weekend,休闲 | 周末 | 牛仔裤 | 蓝色 | 裤子,CLDR release-46 annotations
👗,dress,连衣裙,clothes | clothing | dress | dressed | fancy | shopping,衣服 | 裙子 | 连衣裙,CLDR release-46 annotations
👘,kimono,和服,clothing | comfortable | kimono,和服 | 日本 | 衣服,CLDR release-46 annotations
👙,bikini,比基尼,bathing | beach | bikini | clothing | pool | suit | swim,三点式 | 比基尼 | 泳装 | 游泳,CLDR release-46 annotations
👚,woman’s clothes,女装,blouse | clothes | clothing | collar | dress | dressed | lady | shirt | shopping | woman | woman’s,女 | 女生衣服 | 女衬衫 | 女装 | 衣服,CLDR release-46 annotations
👛,purse,钱包,clothes | clothing | coin | dress | fancy | handbag | purse | shopping,血拼 | 钱包 | 铜板,CLDR release-46 annotations
👜,handbag,手提包,bag | clothes | clothing | dress | handbag | lady | purse | shopping,包包 | 手提包 | 挎包 | 血拼,CLDR release-46 annotations
👝,clutch bag,手袋,bag | clothes | clothing | clutch | dress | handbag | pouch | purse,包 | 化妆包 | 手拿 | 手拿包 | 手袋,CLDR release-46 annotations
👞,man’s shoe,男鞋,brown | clothes | clothing | feet | foot | kick | man | man’s | shoe | shoes | shopping,棕色 | 男鞋 | 皮鞋 | 鞋,CLDR release-46 annotations
👟,running shoe,跑鞋,athletic | clothes | clothing | fast | kick | running | shoe | shoes | shopping | sneaker | tennis,跑 | 跑鞋 | 运动鞋 | 鞋,CLDR release-46 annotations
👠,high-heeled shoe,高跟鞋,clothes | clothing | dress | fashion | heel | heels | high-heeled | shoe | shoes | shopping | stiletto | woman,女 | 时装 | 鞋 | 高跟 | 高跟鞋,CLDR release-46 annotations
👡,woman’s sandal,女式凉鞋,clothing | sandal | shoe | woman | woman’s,凉鞋 | 女 | 女式凉鞋,CLDR release-46 annotations
👢,woman’s boot,女靴,boot | clothes | clothing | dress | shoe | shoes | shopping | woman | woman’s,女 | 女式靴子 | 女靴 | 靴子,CLDR release-46 annotations
👣,footprints,脚印,barefoot | clothing | footprint | footprints | omw | print | walk,在路上 | 脚印 | 赤脚 | 足迹,CLDR release-46 annotations
👤,bust in silhouette,人像,bust | mysterious | shadow | silhouette,人像 | 剪影 | 半身 | 半身像,CLDR release-46 annotations
👥,busts in silhouette,双人像,bff | bust | busts | everyone | friend | friends | people | silhouette,剪影 | 半身 | 半身像 | 双人像 | 朋友,CLDR release-46 annotations
👦,boy,男孩,boy | bright-eyed | child | grandson | kid | son | young | younger,儿童 | 孩子 | 小孩 | 男 | 男孩,CLDR release-46 annotations
👧,girl,女孩,bright-eyed | child | daughter | girl | granddaughter | kid | Virgo | young | younger | zodiac,儿童 | 大眼女孩 | 女 | 女儿 | 女孩 | 孩子 | 小孩,CLDR release-46 annotations
👨,man,男人,adult | bro | man,兄弟 | 成人 | 男 | 男人,CLDR release-46 annotations
👩,woman,女人,adult | lady | woman,女 | 女人 | 淑女 | 金发,CLDR release-46 annotations
👪,family,家庭,child | family,亲子 | 家庭 | 父母和儿子,CLDR release-46 annotations
👫,woman and man holding hands,手拉手的一男一女,bae | bestie | bff | couple | dating | flirt | friends | hand | hold | man | twins | woman,一男一女 | 情侣 | 手拉手 | 手拉手的一男一女 | 相恋,CLDR release-46 annotations
👬,men holding hands,手拉手的两个男人,bae | bestie | bff | boys | brothers | couple | dating | flirt | friends | hand | hold | men | twins,两个男人 | 双子座 | 情侣 | 手拉手 | 手拉手的两个男人 | 朋友 | 黄道十二宫,CLDR release-46 annotations
👭,women holding hands,手拉手的两个女人,bae | bestie | bff | couple | dating | flirt | friends | girls | hand | hold | sisters | twins | women,两个女人 | 好朋友 | 情侣 | 手拉手 | 手拉手的两个女人 | 朋友,CLDR release-46 annotations
👮,police officer,警察,apprehend | arrest | citation | cop | law | officer | over | police | pulled | undercover,交警 | 传唤 | 公安 | 卧底 | 武警 | 法警 | 警官 | 警察 | 警方 | 逮捕,CLDR release-46 annotations
👯,people with bunny ears,戴兔耳朵的人,bestie | bff | bunny | counterpart | dancer | double | ear | identical | pair | party | partying | people | soulmate | twin | twinsies,兔子服 | 兔耳朵 | 双人舞 | 双胞胎 | 同好 | 戴兔耳朵的人 | 永远的好朋友 | 派对 | 灵魂伴侣 | 聚会 | 舞者 | 跳舞 | 闺蜜,CLDR release-46 annotations
👰,person with veil,戴头纱的人,person | veil | wedding,人 | 头纱 | 婚礼 | 戴头纱的人 | 戴头纱的新娘 | 新娘 | 结婚,CLDR release-46 annotations
👱,person: blond hair,金色头发的人,blond | blond-haired | human | person,人 | 脸 | 金发 | 金色头发的人,CLDR release-46 annotations
👲,person with skullcap,戴瓜皮帽的人,cap | Chinese | gua | guapi | hat | mao | person | pi | skullcap,人物 | 帽子 | 戴瓜皮帽的人 | 瓜皮帽,CLDR release-46 annotations
👳,person wearing turban,戴头巾的人,person | turban | wearing,头巾 | 戴头巾的人,CLDR release-46 annotations
👴,old man,老爷爷,adult | bald | elderly | gramps | grandfather | grandpa | man | old | wise,祖父 | 秃头 | 老人 | 老头 | 老爷爷,CLDR release-46 annotations
👵,old woman,老奶奶,adult | elderly | grandma | grandmother | granny | lady | old | wise | woman,祖母 | 老人 | 老太 | 老奶奶,CLDR release-46 annotations
👶,baby,小宝贝,babies | baby | children | goo | infant | newborn | pregnant | young,孩子 | 宝宝 | 小宝贝 | 小毛头,CLDR release-46 annotations
👷,construction worker,建筑工人,build | construction | fix | hardhat | hat | man | person | rebuild | remodel | repair | work | worker,包工头 | 头盔 | 安全帽 | 工人 | 工程师 | 建筑 | 建筑工人 | 建造 | 搬砖 | 改造,CLDR release-46 annotations
👸,princess,公主,crown | fairy | fairytale | fantasy | princess | queen | royal | royalty | tale,公主 | 皇冠 | 童话,CLDR release-46 annotations
👹,ogre,食人魔,creature | devil | face | fairy | fairytale | fantasy | mask | monster | ogre | scary | tale,吓人 | 妖怪 | 幻想 | 日本 | 神话故事 | 脸 | 面具 | 食人魔 | 鬼 | 魔鬼,CLDR release-46 annotations
👺,goblin,小妖精,angry | creature | face | fairy | fairytale | fantasy | goblin | mask | mean | monster | tale,妖怪 | 小妖精 | 幻想 | 怪物 | 日本 | 神话故事 | 脸 | 鬼,CLDR release-46 annotations
👻,ghost,鬼,boo | creature | excited | face | fairy | fairytale | fantasy | ghost | halloween | haunting | monster | scary | silly | tale,万圣节 | 妖怪 | 幻想 | 幽灵 | 怪物 | 神话故事 | 脸 | 鬼 | 鬼脸,CLDR release-46 annotations
👼,baby angel,小天使,angel | baby | church | face | fairy | fairytale | fantasy | tale,儿童 | 天使 | 孩子 | 小天使,CLDR release-46 annotations
👽,alien,外星人,alien | creature | extraterrestrial | face | fairy | fairytale | fantasy | monster | space | tale | ufo,ufo | 外太空 | 外星 | 外星人 | 太空 | 幻想 | 星际 | 脸 | 飞碟,CLDR release-46 annotations
👾,alien monster,外星怪物,alien | creature | extraterrestrial | face | fairy | fairytale | fantasy | game | gamer | games | monster | pixelated | space | tale | ufo,ufo | 外星 | 外星人 | 外星怪物 | 太空 | 怪物 | 星际 | 脸 | 飞碟,CLDR release-46 annotations
👿,angry face with horns,生气的恶魔,angry | demon | devil | evil | face | fairy | fairytale | fantasy | horns | imp | mischievous | purple | shade | tale,带角的怒容 | 幻想 | 恶魔 | 犄角 | 生气的恶魔 | 脸 | 顽童,CLDR release-46 annotations
💀,skull,头骨,body | dead | death | face | fairy | fairytale | i’m | lmao | monster | skull | tale | yolo,头骨 | 妖怪 | 怪兽 | 死亡 | 神话故事 | 脸 | 身体 | 骷髅,CLDR release-46 annotations
💁,person tipping hand,前台,fetch | flick | flip | gossip | hand | person | sarcasm | sarcastic | sassy | seriously | tipping | whatever,介绍 | 伸手给小费 | 信息 | 八卦 | 前台 | 帮助 | 手 | 拨弄头发 | 自信时髦 | 请您离开 | 随便啦,CLDR release-46 annotations
💂,guard,卫兵,buckingham | guard | helmet | london | palace,伦敦 | 卫兵 | 卫士 | 守卫 | 白金汉宫,CLDR release-46 annotations
💃,woman dancing,跳舞的女人,dance | dancer | dancing | elegant | festive | flair | flamenco | groove | let’s | salsa | tango | woman,优雅 | 佛拉门戈 | 女人 | 女舞者 | 探戈 | 舞者 | 萨尔萨舞 | 跳舞 | 跳舞的女人,CLDR release-46 annotations
💄,lipstick,唇膏,cosmetics | date | lipstick | makeup,化妆 | 化妆品 | 口红 | 唇膏 | 约会,CLDR release-46 annotations
💅,nail polish,涂指甲油,bored | care | cosmetics | done | makeup | manicure | nail | polish | whatever,修指甲 | 忙完了 | 护手 | 指甲油 | 涂指甲油 | 美甲 | 闷 | 随便啦,CLDR release-46 annotations
💆,person getting massage,按摩,face | getting | headache | massage | person | relax | relaxing | salon | soothe | spa | tension | therapy | treatment,享受按摩的人 | 头痛 | 按摩 | 放松 | 水疗 | 治疗 | 紧张 | 缓解 | 美容 | 美容沙龙 | 面部,CLDR release-46 annotations
💇,person getting haircut,理发,barber | beauty | chop | cosmetology | cut | groom | hair | haircut | parlor | person | shears | style,剪头 | 发型 | 理发 | 理发师 | 理发的人 | 美发 | 美容 | 美容沙龙 | 美容院 | 造型师,CLDR release-46 annotations
💈,barber pole,理发店,barber | cut | fresh | haircut | pole | shave,旋转 | 柱 | 理发 | 理发师 | 理发店 | 理发店旋转彩柱,CLDR release-46 annotations
💉,syringe,注射器,doctor | flu | medicine | needle | shot | sick | syringe | tool | vaccination,医学 | 医生 | 工具 | 打针 | 接种 | 治疗 | 注射器 | 疫苗 | 药 | 针头 | 针筒,CLDR release-46 annotations
💊,pill,药丸,doctor | drugs | medicated | medicine | pill | pills | sick | vitamin,医生 | 吃药 | 治疗 | 生病 | 用药 | 维他命 | 药 | 药丸 | 药物,CLDR release-46 annotations
💋,kiss mark,唇印,dating | emotion | heart | kiss | kissing | lips | mark | romance | sexy,亲吻 | 吻 | 唇 | 唇印 | 性感 | 接吻 | 浪漫,CLDR release-46 annotations
💌,love letter,情书,heart | letter | love | mail | romance | valentine,信 | 心 | 情书 | 邮件,CLDR release-46 annotations
💍,ring,戒指,diamond | engaged | engagement | married | ring | romance | shiny | sparkling | wedding,戒指 | 结婚 | 订婚 | 钻戒 | 闪,CLDR release-46 annotations
💎,gem stone,宝石,diamond | engagement | gem | jewel | money | romance | stone | wedding,婚礼 | 宝石 | 珠宝 | 订婚 | 钻石,CLDR release-46 annotations
💏,kiss,亲吻,anniversary | babe | bae | couple | date | dating | heart | kiss | love | mwah | person | romance | together | xoxo,亲吻 | 宝贝 | 情侣 | 接吻 | 浪漫 | 约会,CLDR release-46 annotations
💐,bouquet,花束,anniversary | birthday | bouquet | date | flower | love | plant | romance,周年纪念 | 生日 | 罗曼史 | 花束 | 鲜花,CLDR release-46 annotations
💑,couple with heart,情侣,anniversary | babe | bae | couple | dating | heart | kiss | love | person | relationship | romance | together | you,恋爱 | 情侣 | 浪漫 | 红心 | 约会,CLDR release-46 annotations
💒,wedding,婚礼,chapel | hitched | nuptials | romance | wedding,婚礼 | 教堂 | 浪漫 | 结婚,CLDR release-46 annotations
💓,beating heart,心跳,143 | beating | cardio | emotion | heart | heartbeat | ily | love | pulsating | pulse,心动 | 心跳 | 我爱你 | 爱,CLDR release-46 annotations
💔,broken heart,心碎,break | broken | crushed | emotion | heart | heartbroken | lonely | sad,伤心 | 心碎,CLDR release-46 annotations
💕,two hearts,两颗心,143 | anniversary | date | dating | emotion | heart | hearts | ily | kisses | love | loving | two | xoxo,两颗心 | 我爱你 | 爱情,CLDR release-46 annotations
💖,sparkling heart,闪亮的心,143 | emotion | excited | good | heart | ily | kisses | morning | night | sparkle | sparkling | xoxo,我爱你 | 激动 | 红心 | 闪亮 | 闪亮的心,CLDR release-46 annotations
💗,growing heart,搏动的心,143 | emotion | excited | growing | heart | heartpulse | ily | kisses | muah | nervous | pulse | xoxo,亲亲 | 吻 | 我爱你 | 搏动 | 搏动的心 | 激动 | 紧张 | 红心,CLDR release-46 annotations
💘,heart with arrow,心中箭了,143 | adorbs | arrow | cupid | date | emotion | heart | ily | love | romance | valentine,一箭穿心 | 丘比特 | 心中箭了 | 我爱你 | 浪漫 | 爱情 | 箭 | 红心,CLDR release-46 annotations
💙,blue heart,蓝心,143 | blue | emotion | heart | ily | love | romance,我爱你 | 蓝 | 蓝心,CLDR release-46 annotations
💚,green heart,绿心,143 | emotion | green | heart | ily | love | romantic,我爱你 | 绿 | 绿心,CLDR release-46 annotations
💛,yellow heart,黄心,143 | cardiac | emotion | heart | ily | love | yellow,我爱你 | 黄 | 黄心,CLDR release-46 annotations
💜,purple heart,紫心,143 | bestest | emotion | heart | ily | love | purple,我爱你 | 紫 | 紫心,CLDR release-46 annotations
💝,heart with ribbon,系有缎带的心,143 | anniversary | emotion | heart | ily | kisses | ribbon | valentine | xoxo,我爱你 | 爱的礼物 | 系有缎带的心 | 绑丝带的心 | 送你一颗心,CLDR release-46 annotations
💞,revolving hearts,舞动的心,143 | adorbs | anniversary | emotion | heart | hearts | revolving,我爱你 | 旋转 | 涌动 | 舞动的心 | 跃动,CLDR release-46 annotations
💟,heart decoration,心型装饰,143 | decoration | emotion | heart | hearth | purple | white,心 | 心型装饰 | 我爱你 | 装饰,CLDR release-46 annotations
💠,diamond with a dot,带圆点的菱形,comic | diamond | dot | geometric,中心 | 内部 | 圆 | 带圆点的菱形 | 方块 | 方块内有点 | 梅花形 | 菱形,CLDR release-46 annotations
💡,light bulb,灯泡,bulb | comic | electric | idea | light,主意 | 想法 | 灯泡 | 点子 | 电 | 电灯泡 | 白炽灯,CLDR release-46 annotations
💢,anger symbol,怒,anger | angry | comic | mad | symbol | upset,怒 | 火大 | 生气 | 青筋,CLDR release-46 annotations
💣,bomb,炸弹,bomb | boom | comic | dangerous | explosion | hot,炸弹 | 爆炸,CLDR release-46 annotations
💤,ZZZ,睡着,comic | good | goodnight | night | sleep | sleeping | sleepy | tired | zzz,呼噜 | 困了 | 想睡 | 打呼 | 晚安 | 疲倦 | 睡着,CLDR release-46 annotations
💥,collision,爆炸,bomb | boom | collide | collision | comic | explode,撞 | 旺 | 炸 | 爆 | 爆炸,CLDR release-46 annotations
💦,sweat droplets,汗滴,comic | drip | droplet | droplets | drops | splashing | squirt | sweat | water | wet | work | workout,喷溅 | 小水滴 | 小水珠 | 汗 | 汗滴 | 泼贱 | 溅,CLDR release-46 annotations
💧,droplet,水滴,cold | comic | drop | droplet | nature | sad | sweat | tear | water | weather,冷 | 天气 | 水 | 水滴 | 泪 | 眼泪,CLDR release-46 annotations
💨,dashing away,尾气,away | cloud | comic | dash | dashing | fart | fast | go | gone | gotta | running | smoke,尾气 | 扬尘而去 | 放屁 | 烟 | 疾驰而去 | 飞奔而去,CLDR release-46 annotations
💩,pile of poo,大便,bs | comic | doo | dung | face | fml | monster | pile | poo | poop | smelly | smh | stink | stinks | stinky | turd,大便 | 好臭 | 屎 | 怪物 | 粑粑 | 脸 | 臭,CLDR release-46 annotations
💪,flexed biceps,肌肉,arm | beast | bench | biceps | bodybuilder | bro | curls | flex | gains | gym | jacked | muscle | press | ripped | strong | weightlift,二头肌 | 健身房 | 强壮 | 肌肉,CLDR release-46 annotations
💫,dizzy,头晕,comic | dizzy | shining | shooting | star | stars,头晕 | 头晕目眩 | 星星 | 流星,CLDR release-46 annotations
💬,speech balloon,话语气泡,balloon | bubble | comic | dialog | message | sms | speech | talk | text | typing,发言 | 对话框 | 气泡 | 气泡对话框 | 气球 | 漫画 | 话语气泡,CLDR release-46 annotations
💭,thought balloon,内心活动气泡,balloon | bubble | cartoon | cloud | comic | daydream | decisions | dream | idea | invent | invention | realize | think | thoughts | wonder,内心活动气泡 | 对话框 | 思想 | 思想活动 | 想法 | 梦 | 气泡 | 泡泡对话框 | 白日梦,CLDR release-46 annotations
💮,white flower,白花,flower | white,白花 | 花,CLDR release-46 annotations
💯,hundred points,一百分,100 | a+ | agree | clearly | definitely | faithful | fleek | full | hundred | keep | perfect | point | score | TRUE | truth | yup,100 | 一百分 | 满分 | 百分百 | 绝对 | 考试,CLDR release-46 annotations
💰,money bag,钱袋,bag | bank | bet | billion | cash | cost | dollar | gold | million | money | moneybag | paid | paying | pot | rich | win,付钱 | 十亿 | 变现 | 守财奴 | 富有 | 有钱 | 现金 | 百万 | 美元 | 赌钱 | 赢钱 | 钱 | 钱包 | 钱袋 | 银行,CLDR release-46 annotations
💱,currency exchange,货币兑换,bank | currency | exchange | money,兑换 | 外汇 | 换汇 | 汇率 | 流通 | 货币兑换 | 银行,CLDR release-46 annotations
💲,heavy dollar sign,粗美元符号,billion | cash | charge | currency | dollar | heavy | million | money | pay | sign,现金 | 粗美元符号 | 美元 | 美元符号 | 美刀 | 货币 | 金钱,CLDR release-46 annotations
💳,credit card,信用卡,bank | card | cash | charge | credit | money | pay,信用 | 信用卡 | 借记卡 | 刷卡 | 卡 | 收钱 | 现金 | 现金卡 | 贷记卡 | 银行 | 银行卡,CLDR release-46 annotations
💴,yen banknote,日元,bank | banknote | bill | currency | money | note | yen,日元 | 日币 | 现金 | 纸币 | 货币 | 钞票 | 钱 | 银行,CLDR release-46 annotations
💵,dollar banknote,美元,bank | banknote | bill | currency | dollar | money | note,现金 | 纸币 | 美元 | 美刀 | 美钞 | 货币 | 钱 | 银行,CLDR release-46 annotations
💶,euro banknote,欧元,100 | bank | banknote | bill | currency | euro | money | note | rich,欧元 | 现金 | 纸币 | 货币 | 钞票 | 钱 | 银行,CLDR release-46 annotations
💷,pound banknote,英镑,bank | banknote | bill | billion | cash | currency | money | note | pound | pounds,现金 | 纸币 | 英镑 | 货币 | 钞票 | 钱 | 银行,CLDR release-46 annotations
💸,money with wings,长翅膀的钱,bank | banknote | bill | billion | cash | dollar | fly | million | money | note | pay | wings,纸币 | 翅膀 | 花钱 | 钱 | 长翅膀的钱 | 飞,CLDR release-46 annotations
💹,chart increasing with yen,趋势向上且带有日元符号的图表,bank | chart | currency | graph | growth | increasing | market | money | rise | trend | upward | yen,上扬 | 上涨 | 日元 | 日元升值 | 日元汇率 | 日币 | 货币 | 货币升值图表 | 走势 | 趋势向上且带有日元符号的图表,CLDR release-46 annotations
💺,seat,座位,chair | seat,位子 | 座位 | 椅子,CLDR release-46 annotations
💻,laptop,笔记本电脑,computer | laptop | office | pc | personal,PC | 个人电脑 | 手提电脑 | 电脑 | 笔记本电脑,CLDR release-46 annotations
💼,briefcase,公文包,briefcase | office,上班 | 公事包 | 公文包 | 办公室 | 包 | 手提包 | 文件,CLDR release-46 annotations
💽,computer disk,电脑光盘,computer | disk | minidisk | optical,MD | minidisk | mini光盘 | 光盘 | 电脑 | 电脑光盘 | 迷你光盘 | 迷你光碟 | 迷你唱片,CLDR release-46 annotations
💾,floppy disk,软盘,computer | disk | floppy,3.5英寸 | 便携 | 存储 | 电脑 | 磁盘 | 软盘,CLDR release-46 annotations
💿,optical disk,光盘,blu-ray | CD | computer | disk | dvd | optical,cd | 专辑 | 光盘 | 存储 | 影片 | 蓝光 | 音乐,CLDR release-46 annotations
📀,dvd,DVD,Blu-ray | cd | computer | disk | DVD | optical,dvd | DVD | 光盘 | 光碟 | 影片 | 电脑 | 蓝光 | 音乐,CLDR release-46 annotations
📁,file folder,文件夹,file | folder,办公 | 文件 | 文件夹 | 文具 | 硬纸夹,CLDR release-46 annotations
📂,open file folder,打开的文件夹,file | folder | open,办公 | 打开 | 打开文件夹 | 打开的文件夹 | 文件 | 文件夹 | 文具,CLDR release-46 annotations
📃,page with curl,带卷边的页面,curl | document | page | paper,卷曲 | 卷边 | 带卷边的页面 | 文书 | 文件 | 文档 | 纸张 | 页面,CLDR release-46 annotations
📄,page facing up,文件,document | facing | page | paper | up,文书 | 文件 | 文档 | 页面向上,CLDR release-46 annotations
📅,calendar,日历,calendar | date,日历 | 日期,CLDR release-46 annotations
📆,tear-off calendar,手撕日历,calendar | tear-off,手撕日历 | 日历 | 日期,CLDR release-46 annotations
📇,card index,卡片索引,card | index | old | rolodex | school,卡片 | 卡片索引 | 卡牌索引 | 名片索引 | 目录 | 索引,CLDR release-46 annotations
📈,chart increasing,趋势向上的图表,chart | data | graph | growth | increasing | right | trend | up | upward,上升 | 上涨 | 上涨图表 | 上涨趋势线 | 向上 | 图表 | 成长 | 趋势向上的图表 | 趋势线,CLDR release-46 annotations
📉,chart decreasing,趋势向下的图表,chart | data | decreasing | down | downward | graph | negative | trend,下跌 | 下跌图表 | 下跌趋势线 | 下降 | 向下 | 图表 | 趋势向下的图表 | 趋势线,CLDR release-46 annotations
📊,bar chart,条形图,bar | chart | data | graph,图形 | 图表 | 条形图 | 柱形图 | 直方图 | 资料 | 长条图,CLDR release-46 annotations
📋,clipboard,剪贴板,clipboard | do | list | notes,写字夹板 | 写字板 | 剪贴板 | 剪贴簿 | 夹子 | 待办事项 | 待办表 | 纸张,CLDR release-46 annotations
📌,pushpin,图钉,collage | pin | pushpin,固定 | 图钉 | 拼贴 | 按钉,CLDR release-46 annotations
📍,round pushpin,圆图钉,location | map | pin | pushpin | round,位置 | 固定 | 图钉 | 圆图钉,CLDR release-46 annotations
📎,paperclip,回形针,paperclip,万字夹 | 回形针 | 回纹针 | 曲别针 | 纸夹,CLDR release-46 annotations
📏,straight ruler,直尺,angle | edge | math | ruler | straight | straightedge,尺 | 尺子 | 数学 | 文具 | 测量 | 直尺 | 量 | 长度,CLDR release-46 annotations
📐,triangular ruler,三角尺,angle | math | rule | ruler | set | slide | triangle | triangular,三角 | 三角尺 | 尺 | 数学 | 文具 | 测量 | 角 | 角度,CLDR release-46 annotations
📑,bookmark tabs,标签页,bookmark | mark | marker | tabs,书签 | 书签页标签 | 有书签的页面 | 标签 | 标签页,CLDR release-46 annotations
📒,ledger,账本,ledger | notebook,笔记本 | 记事本 | 记账 | 账本 | 账簿,CLDR release-46 annotations
📓,notebook,笔记本,notebook,日记本 | 本子 | 笔记 | 笔记本 | 记事本 | 记录,CLDR release-46 annotations
📔,notebook with decorative cover,精装笔记本,book | cover | decorated | decorative | education | notebook | school | writing,书 | 写作 | 学校 | 封面 | 教育 | 笔记本 | 精装笔记本,CLDR release-46 annotations
📕,closed book,合上的书本,book | closed | education,书 | 书本 | 书本合起 | 合上 | 合上的书本,CLDR release-46 annotations
📖,open book,打开的书本,book | education | fantasy | knowledge | library | novels | open | reading,书 | 书本 | 图书馆 | 小说 | 开卷 | 打开 | 打开的书本 | 知识 | 读书 | 阅读,CLDR release-46 annotations
📗,green book,绿色书本,book | education | fantasy | green | library | reading,书 | 书本 | 图书馆 | 教育 | 绿 | 绿皮书 | 绿色 | 绿色书本 | 阅读,CLDR release-46 annotations
📘,blue book,蓝色书本,blue | book | education | fantasy | library | reading,书 | 书本 | 图书馆 | 教育 | 篮 | 蓝皮书 | 蓝色 | 蓝色书本 | 阅读,CLDR release-46 annotations
📙,orange book,橙色书本,book | education | fantasy | library | orange | reading,书 | 书本 | 图书馆 | 教育 | 橘皮书 | 橘色 | 橙色 | 橙色书本 | 阅读,CLDR release-46 annotations
📚,books,书,book | books | education | fantasy | knowledge | library | novels | reading | school | study,书 | 书本 | 书籍 | 图书 | 图书馆 | 学习 | 学校 | 小说 | 教育 | 知识 | 阅读,CLDR release-46 annotations
📛,name badge,姓名牌,badge | name,名牌 | 姓名牌 | 徽章 | 胸牌 | 证章,CLDR release-46 annotations
📜,scroll,卷轴,paper | scroll,卷纸 | 卷轴 | 画卷 | 纸 | 纸卷 | 羊皮纸,CLDR release-46 annotations
📝,memo,备忘录,communication | media | memo | notes | pencil,便条 | 便条簿 | 便笺 | 备忘录 | 铅笔,CLDR release-46 annotations
📞,telephone receiver,电话听筒,communication | phone | receiver | telephone | voip,听筒 | 固定电话 | 固话 | 座机 | 电话 | 电话听筒 | 通信,CLDR release-46 annotations
📟,pager,寻呼机,communication | pager,BB 机 | 传呼机 | 呼机 | 寻呼机 | 通信,CLDR release-46 annotations
📠,fax machine,传真机,communication | fax | machine,传真 | 传真号 | 传真机 | 发传真,CLDR release-46 annotations
📡,satellite antenna,卫星天线,aliens | antenna | contact | dish | satellite | science,信号接收 | 卫星 | 卫星天线 | 卫星接收天线 | 卫星碟形天线 | 外星人 | 天线 | 接触,CLDR release-46 annotations
📢,loudspeaker,喇叭,address | communication | loud | loudspeaker | public | sound,公共广播 | 喇叭 | 大声 | 广播 | 扩音器 | 通知,CLDR release-46 annotations
📣,megaphone,扩音器,cheering | megaphone | sound,呼喊 | 喇叭 | 喇叭筒 | 大声 | 扩音器 | 通知,CLDR release-46 annotations
📤,outbox tray,发件箱,box | email | letter | mail | outbox | sent | tray,信件 | 发件箱 | 发信 | 发送 | 发邮件 | 收件箱 | 电子邮件 | 电邮 | 邮件,CLDR release-46 annotations
📥,inbox tray,收件箱,box | email | inbox | letter | mail | receive | tray | zero,信件 | 接收 | 收件箱 | 收信 | 收到邮件 | 电子邮件 | 电邮 | 邮件,CLDR release-46 annotations
📦,package,包裹,box | communication | delivery | package | parcel | shipping,包裹 | 快递 | 指向 | 盒子 | 箱子 | 装货 | 运送,CLDR release-46 annotations
📧,e-mail,电子邮件,e-mail | email | letter | mail,信件 | 信封 | 电子邮件 | 电邮 | 邮件,CLDR release-46 annotations
📨,incoming envelope,来信,delivering | e-mail | email | envelope | incoming | letter | mail | receive | sent,信件 | 信封 | 发送 | 接收 | 收信 | 收到来信 | 收到邮件 | 来信 | 电子邮件 | 电邮 | 邮件,CLDR release-46 annotations
📩,envelope with arrow,收邮件,arrow | communication | down | e-mail | email | envelope | letter | mail | outgoing | send | sent,信件 | 信封 | 发信 | 发出 | 发送 | 发邮件 | 收邮件 | 有箭头的信封 | 邮件,CLDR release-46 annotations
📪,closed mailbox with lowered flag,无待收信件,closed | flag | lowered | mail | mailbox | postbox,信箱 | 信箱关闭红旗放下 | 放下 | 旗标 | 无待收信件 | 无新信件,CLDR release-46 annotations
📫,closed mailbox with raised flag,有待收信件,closed | communication | flag | mail | mailbox | postbox | raised,信箱 | 旗标 | 有待收信件 | 有新信件 | 邮箱 | 邮箱关闭红旗升起,CLDR release-46 annotations
📬,open mailbox with raised flag,有新信件,flag | mail | mailbox | open | postbox | raised,信箱 | 信箱打开红旗升起 | 打开 | 旗标 | 有待收信件 | 有新信件,CLDR release-46 annotations
📭,open mailbox with lowered flag,无新信件,flag | lowered | mail | mailbox | open | postbox,信箱 | 信箱打开 | 信箱打开红旗放下 | 旗标 | 无待收信件 | 无新信件 | 邮件 | 邮递,CLDR release-46 annotations
📮,postbox,邮筒,mail | mailbox | postbox,信 | 信箱 | 寄信 | 邮筒 | 邮箱,CLDR release-46 annotations
📯,postal horn,邮号,horn | post | postal,号 | 号角 | 喇叭 | 邮号 | 邮政,CLDR release-46 annotations
📰,newspaper,报纸,communication | news | newspaper | paper,传播 | 报纸 | 报道 | 新闻 | 看报 | 纸 | 读报,CLDR release-46 annotations
📱,mobile phone,手机,cell | communication | mobile | phone | telephone,手提电话 | 手机 | 智能手机 | 电话 | 移动 | 移动电话 | 移动通信 | 通信,CLDR release-46 annotations
📲,mobile phone with arrow,带有箭头的手机,arrow | build | call | cell | communication | mobile | phone | receive | telephone,带有箭头的手机 | 手机 | 接收 | 智能手机 | 来电 | 电话 | 移动电话 | 箭头 | 通信,CLDR release-46 annotations
📳,vibration mode,振动模式,cell | communication | mobile | mode | phone | telephone | vibration,手机 | 振动 | 振动模式 | 震动,CLDR release-46 annotations
📴,mobile phone off,手机关机,cell | mobile | off | phone | telephone,关机 | 关闭 | 关闭手机 | 手机 | 手机关机,CLDR release-46 annotations
📵,no mobile phones,禁止使用手机,cell | forbidden | mobile | no | not | phone | phones | prohibited | telephone,严禁 | 手机 | 电话 | 禁止 | 禁止使用手机,CLDR release-46 annotations
📶,antenna bars,信号强度条,antenna | bar | bars | cell | communication | mobile | phone | signal | telephone,信号 | 信号强度条 | 天线 | 强度 | 手机 | 条,CLDR release-46 annotations
📷,camera,相机,camera | photo | selfie | snap | tbt | trip | video,卡片相机 | 拍照 | 摄影 | 照片 | 照相机 | 相机 | 自拍,CLDR release-46 annotations
📸,camera with flash,开闪光灯的相机,camera | flash | video,带闪光灯的相机 | 开闪光灯的相机 | 拍照 | 相机 | 闪光灯 | 闪光灯打开,CLDR release-46 annotations
📹,video camera,摄像机,camcorder | camera | tbt | video,录像 | 录像机 | 录影 | 拍摄 | 摄像机 | 摄影机 | 视频,CLDR release-46 annotations
📺,television,电视机,television | tv | video,电视 | 电视机 | 看电视 | 视频 | 节目,CLDR release-46 annotations
📻,radio,收音机,entertainment | radio | tbt | video,娱乐 | 广播 | 广播电台 | 收音机 | 无线电 | 电台,CLDR release-46 annotations
📼,videocassette,录像带,old | school | tape | vcr | vhs | video | videocassette,VHS | 录像带 | 录影带 | 磁带,CLDR release-46 annotations
📽,film projector,电影放映机,cinema | film | movie | projector | video,影片 | 投影仪 | 放映机 | 电影 | 电影放映机 | 视频,CLDR release-46 annotations
📿,prayer beads,念珠,beads | clothing | necklace | prayer | religion,宗教 | 念珠 | 珠子 | 祈祷 | 项链,CLDR release-46 annotations
🔀,shuffle tracks button,随机播放音轨按钮,arrow | button | crossed | shuffle | tracks,交叉 | 打乱 | 随机 | 随机播放 | 随机播放音轨按钮,CLDR release-46 annotations
🔁,repeat button,重复按钮,arrow | button | clockwise | repeat,循环 | 循环播放 | 箭头 | 重复按钮 | 顺时针,CLDR release-46 annotations
🔂,repeat single button,重复一次按钮,arrow | button | clockwise | once | repeat | single,单曲循环 | 循环 | 箭头 | 重复一次按钮 | 顺时针,CLDR release-46 annotations
🔃,clockwise vertical arrows,顺时针垂直箭头,arrow | arrows | clockwise | refresh | reload | vertical,刷新 | 垂直顺时针箭头 | 方向 | 标识 | 箭头 | 重新载入 | 顺时针 | 顺时针垂直箭头 | 顺时针箭头,CLDR release-46 annotations
🔄,counterclockwise arrows button,逆时针箭头按钮,again | anticlockwise | arrow | arrows | button | counterclockwise | deja | refresh | rewindershins | vu,倒转 | 再次 | 刷新 | 箭头 | 逆时针 | 逆时针箭头 | 逆时针箭头按钮,CLDR release-46 annotations
🔅,dim button,低亮度按钮,brightness | button | dim | low,亮度 | 低 | 低亮度 | 低亮度按钮 | 昏暗 | 暗,CLDR release-46 annotations
🔆,bright button,高亮度按钮,bright | brightness | button | light,亮 | 亮度 | 太阳 | 明亮 | 高亮度 | 高亮度按钮,CLDR release-46 annotations
🔇,muted speaker,已静音的扬声器,mute | muted | quiet | silent | sound | speaker,声音 | 安静 | 已静音的扬声器 | 扬声器 | 扬声器关闭 | 无声 | 静音,CLDR release-46 annotations
🔈,speaker low volume,低音量的扬声器,low | soft | sound | speaker | volume,低音量扬扬声 | 低音量的扬声器 | 喇叭 | 小声 | 小音量 | 扬声器 | 轻声 | 音量,CLDR release-46 annotations
🔉,speaker medium volume,中等音量的扬声器,medium | sound | speaker | volume,中等 | 中等音量 | 中等音量的扬声器 | 中音量 | 中音量扬声器 | 扬声器,CLDR release-46 annotations
🔊,speaker high volume,高音量的扬声器,high | loud | music | sound | speaker | volume,大声 | 大音量 | 扬声器 | 音量 | 高音量 | 高音量的扬声器,CLDR release-46 annotations
🔋,battery,电池,battery,正极 | 电 | 电极 | 电池 | 电源 | 蓄电池 | 负极,CLDR release-46 annotations
🔌,electric plug,电源插头,electric | electricity | plug,插头 | 电插头 | 电源 | 电源插头 | 电线,CLDR release-46 annotations
🔍,magnifying glass tilted left,左斜的放大镜,glass | lab | left | left-pointing | magnifying | science | search | tilted | tool,工具 | 左斜的放大镜 | 搜索 | 放大 | 放大镜 | 查找,CLDR release-46 annotations
🔎,magnifying glass tilted right,右斜的放大镜,contact | glass | lab | magnifying | right | right-pointing | science | search | tilted | tool,右斜的放大镜 | 工具 | 搜索 | 放大 | 放大镜 | 查找,CLDR release-46 annotations
🔏,locked with pen,墨水笔和锁,ink | lock | locked | nib | pen | privacy,笔 | 笔尖 | 钢笔 | 锁 | 隐私 | 墨水笔和锁,CLDR release-46 annotations
🔐,locked with key,钥匙和锁,bike | closed | key | lock | locked | secure,安全 | 脚踏车锁 | 钥匙 | 钥匙和锁 | 锁 | 锁上,CLDR release-46 annotations
🔑,key,钥匙,key | keys | lock | major | password | unlock,密码 | 密钥 | 开锁 | 解锁 | 钥匙 | 锁,CLDR release-46 annotations
🔒,locked,合上的锁,closed | lock | locked | private,上锁 | 合上的锁 | 私密 | 锁 | 锁住 | 锁头 | 锁定,CLDR release-46 annotations
🔓,unlocked,打开的锁,cracked | lock | open | unlock | unlocked,取消锁定 | 开锁 | 打开 | 打开的锁 | 破解 | 解锁 | 锁,CLDR release-46 annotations
🔔,bell,铃铛,bell | break | church | sound,叮当 | 响铃 | 钟 | 钟声 | 铃声 | 铃铛,CLDR release-46 annotations
🔕,bell with slash,禁止响铃,bell | forbidden | mute | no | not | prohibited | quiet | silent | slash | sound,响铃关闭 | 安静 | 无声 | 禁止响铃 | 铃 | 静音,CLDR release-46 annotations
🔖,bookmark,书签,bookmark | mark,书签 | 标签 | 读书 | 阅读,CLDR release-46 annotations
🔗,link,链接,link | links,网址 | 链接 | 链条 | 锁链,CLDR release-46 annotations
🔘,radio button,单选按钮,button | geometric | radio,单独 | 单选按钮 | 单选钮 | 圆心 | 按钮 | 按键 | 选中,CLDR release-46 annotations
🔙,BACK arrow,返回箭头,arrow | BACK,回退 | 箭头 | 返回 | 返回箭头,CLDR release-46 annotations
🔚,END arrow,结束箭头,arrow | END,箭头 | 终点 | 结束 | 结束箭头,CLDR release-46 annotations
🔛,ON! arrow,ON! 箭头,arrow | mark | ON!,ON | ON! 箭头 | 开始 | 标识 | 箭头,CLDR release-46 annotations
🔜,SOON arrow,SOON 箭头,arrow | brb | omw | SOON,SOON 箭头 | 在路上 | 立刻回来 | 箭头 | 马上,CLDR release-46 annotations
🔝,TOP arrow,置顶,arrow | homie | TOP | up,向上 | 标识 | 置顶 | 顶,CLDR release-46 annotations
🔞,no one under eighteen,18禁,18 | age | eighteen | forbidden | no | not | one | prohibited | restriction | underage,18禁 | 儿童不宜 | 未成年人不宜 | 禁止,CLDR release-46 annotations
🔠,input latin uppercase,输入大写拉丁字母,ABCD | input | latin | letters | uppercase,ABCD | 大写字母 | 大写字母键 | 字母 | 打字 | 拉丁文 | 输入大写拉丁字母 | 输入法,CLDR release-46 annotations
🔡,input latin lowercase,输入小写拉丁字母,abcd | input | latin | letters | lowercase,abcd | 小写字母 | 小写字母键 | 打字 | 拉丁文 | 输入小写字母 | 输入小写拉丁字母 | 输入法,CLDR release-46 annotations
🔢,input numbers,输入数字,1234 | input | numbers,1234 | 打字 | 数字 | 输入数字,CLDR release-46 annotations
🔣,input symbols,输入符号,& | % | ♪ | 〒 | input | symbols,字符 | 打字 | 符号 | 输入符号,CLDR release-46 annotations
🔤,input latin letters,输入拉丁字母,abc | alphabet | input | latin | letters,abc | 字母 | 打字 | 拉丁字母 | 拉丁字母键 | 拉丁文 | 输入字母 | 输入拉丁字母,CLDR release-46 annotations
🔥,fire,火焰,af | burn | fire | flame | hot | lit | litaf | tool,火 | 火焰 | 烧 | 燃烧,CLDR release-46 annotations
🔦,flashlight,手电筒,electric | flashlight | light | tool | torch,光 | 工具 | 手电 | 手电筒 | 照明 | 电筒,CLDR release-46 annotations
🔧,wrench,扳手,home | improvement | spanner | tool | wrench,家居修缮 | 工具 | 扳手 | 螺丝扳手,CLDR release-46 annotations
🔨,hammer,锤子,hammer | home | improvement | repairs | tool,修理 | 家居修缮 | 工具 | 敲 | 施工 | 砸 | 铁锤 | 锤子,CLDR release-46 annotations
🔩,nut and bolt,螺母与螺栓,bolt | home | improvement | nut | tool,工具 | 螺丝 | 螺帽 | 螺栓 | 螺母 | 螺母与螺栓 | 螺钉,CLDR release-46 annotations
🔪,kitchen knife,菜刀,chef | cooking | hocho | kitchen | knife | tool | weapon,主厨 | 刀 | 武器 | 烹饪 | 菜刀,CLDR release-46 annotations
🔫,water pistol,水枪,gun | handgun | pistol | revolver | tool | water | weapon,工具 | 左轮 | 手枪 | 枪 | 武器 | 水枪,CLDR release-46 annotations
🔬,microscope,显微镜,experiment | lab | microscope | science | tool,实验 | 实验室 | 工具 | 显微镜 | 生物 | 科学 | 细胞,CLDR release-46 annotations
🔭,telescope,望远镜,contact | extraterrestrial | science | telescope | tool,外星人 | 天体 | 天文 | 天文学 | 工具 | 接触 | 望远镜 | 科学 | 观星,CLDR release-46 annotations
🔮,crystal ball,水晶球,ball | crystal | fairy | fairytale | fantasy | fortune | future | magic | tale | tool,命运 | 工具 | 梦幻 | 水晶 | 水晶球 | 球 | 童话 | 财富 | 魔法,CLDR release-46 annotations
🔯,dotted six-pointed star,带中间点的六芒星,dotted | fortune | jewish | judaism | six-pointed | star,六芒星 | 六芒星加圆点 | 六角星 | 命运 | 带中间点的六芒星 | 犹太 | 犹太教,CLDR release-46 annotations
🔰,Japanese symbol for beginner,日本新手驾驶标志,beginner | chevron | green | Japanese | leaf | symbol | tool | yellow,V 型臂章 | V形图案 | 人字形图记 | 军警 | 叶状 | 实习 | 新手 | 日本新手驾驶标志 | 箭尾,CLDR release-46 annotations
🔱,trident emblem,三叉戟徽章,anchor | emblem | poseidon | ship | tool | trident,三叉戟 | 三叉戟徽章 | 工具 | 波塞冬 | 船 | 锚,CLDR release-46 annotations
🔲,black square button,黑色方形按钮,black | button | geometric | square,几何 | 几何图形 | 按钮 | 方形 | 黑线方形按钮 | 黑线正方形按钮 | 黑色方形按钮 | 黑色正方形按钮 | 黑边线方形按钮 | 黑边线正方形按钮,CLDR release-46 annotations
🔳,white square button,白色方形按钮,button | geometric | outlined | square | white,按钮 | 方形 | 白线方形按钮 | 白线正方形按钮 | 白色方形按钮 | 白色正方形按钮 | 白边线方形按钮 | 白边线正方形按钮,CLDR release-46 annotations
🔴,red circle,红色圆,circle | geometric | red,几何 | 圆 | 圈 | 红 | 红圈 | 红色 | 红色圆,CLDR release-46 annotations
🔵,blue circle,蓝色圆,blue | circle | geometric,圆 | 圈 | 蓝 | 蓝圈 | 蓝色圆,CLDR release-46 annotations
🔶,large orange diamond,橙色大菱形,diamond | geometric | large | orange,大 | 方块 | 方片 | 橘色方块 | 橘黄色 | 橙色大菱形 | 橙色方块 | 菱形 | 钻石,CLDR release-46 annotations
🔷,large blue diamond,蓝色大菱形,blue | diamond | geometric | large,大 | 方块 | 方片 | 菱形 | 蓝色 | 蓝色大菱形 | 钻石,CLDR release-46 annotations
🔸,small orange diamond,橙色小菱形,diamond | geometric | orange | small,小 | 方块 | 方片 | 橘色方块 | 橘黄色 | 橙色小菱形 | 菱形,CLDR release-46 annotations
🔹,small blue diamond,蓝色小菱形,blue | diamond | geometric | small,小 | 方片 | 菱形 | 蓝色 | 蓝色小菱形 | 蓝色方块 | 钻石,CLDR release-46 annotations
🔺,red triangle pointed up,红色正三角,geometric | pointed | red | triangle | up,三角形 | 向上 | 正三角 | 红色 | 红色正三角,CLDR release-46 annotations
🔻,red triangle pointed down,红色倒三角,down | geometric | pointed | red | triangle,三角形 | 下 | 倒三角 | 向下 | 红色 | 红色倒三角,CLDR release-46 annotations
🔼,upwards button,向上三角形按钮,arrow | button | red | up | upwards,上 | 向上 | 向上三角形按钮 | 向上按钮 | 往上 | 箭头,CLDR release-46 annotations
🔽,downwards button,向下三角形按钮,arrow | button | down | downwards | red,下 | 向下 | 向下三角形按钮 | 向下按钮 | 往下 | 箭头,CLDR release-46 annotations
🕉,om,奥姆,Hindu | om | religion,印度 | 印度教 | 唵 | 奥姆 | 宗教,CLDR release-46 annotations
🕊,dove,鸽,bird | dove | fly | ornithology | peace,和平 | 和平象征 | 飞翔 | 鸟 | 鸽 | 鸽子,CLDR release-46 annotations
🕋,kaaba,克尔白,hajj | islam | kaaba | Muslim | religion | umrah,伊斯兰 | 克尔白 | 天房 | 宗教 | 穆斯林,CLDR release-46 annotations
🕌,mosque,清真寺,islam | masjid | mosque | Muslim | religion,伊斯兰 | 宗教 | 清真寺 | 穆斯林,CLDR release-46 annotations
🕍,synagogue,犹太教堂,Jew | Jewish | judaism | religion | synagogue | temple,会堂 | 宗教 | 犹太 | 犹太教 | 犹太教堂,CLDR release-46 annotations
🕎,menorah,烛台,candelabrum | candlestick | hanukkah | jewish | judaism | menorah | religion,光明节 | 宗教 | 灯台 | 烛台 | 犹太 | 犹太教,CLDR release-46 annotations
🕐,one o’clock,一点,1 | 1:00 | clock | o’clock | one | time,00 | 1 | 1:00 | 一点 | 时间,CLDR release-46 annotations
🕑,two o’clock,两点,2 | 2:00 | clock | o’clock | time | two,00 | 2 | 2:00 | 两点 | 时钟,CLDR release-46 annotations
🕒,three o’clock,三点,3 | 3:00 | clock | o’clock | three | time,00 | 3 | 3:00 | 三点 | 时钟,CLDR release-46 annotations
🕓,four o’clock,四点,4 | 4:00 | clock | four | o’clock | time,00 | 4 | 4:00 | 四点 | 时钟,CLDR release-46 annotations
🕔,five o’clock,五点,5 | 5:00 | clock | five | o’clock | time,00 | 5 | 5:00 | 五点 | 时钟,CLDR release-46 annotations
🕕,six o’clock,六点,6 | 6:00 | clock | o’clock | six | time,00 | 6 | 6:00 | 六点 | 时钟,CLDR release-46 annotations
🕖,seven o’clock,七点,0 | 7 | 7:00 | clock | o’clock | seven,00 | 7 | 7:00 | 七点 | 时钟,CLDR release-46 annotations
🕗,eight o’clock,八点,8 | 8:00 | clock | eight | o’clock | time,00 | 8 | 8:00 | 八点 | 时间 | 钟,CLDR release-46 annotations
🕘,nine o’clock,九点,9 | 9:00 | clock | nine | o’clock | time,00 | 9 | 9:00 | 九点 | 时钟,CLDR release-46 annotations
🕙,ten o’clock,十点,0 | 10 | 10:00 | clock | o’clock | ten,00 | 10 | 10:00 | 十点 | 时钟,CLDR release-46 annotations
🕚,eleven o’clock,十一点,11 | 11:00 | clock | eleven | o’clock | time,00 | 11 | 11:00 | 十一点 | 时钟,CLDR release-46 annotations
🕛,twelve o’clock,十二点,12 | 12:00 | clock | o’clock | time | twelve,00 | 12 | 12:00 | 十二点 | 整点 | 时间 | 点钟 | 钟,CLDR release-46 annotations
🕜,one-thirty,一点半,1 | 1:30 | 30 | clock | one | one-thirty | thirty | time,1 | 1:30 | 30 | 一点半 | 时间 | 钟,CLDR release-46 annotations
🕝,two-thirty,两点半,2 | 2:30 | 30 | clock | thirty | time | two | two-thirty,2 | 2:30 | 30 | 两点半 | 时间 | 钟,CLDR release-46 annotations
🕞,three-thirty,三点半,3 | 3:30 | 30 | clock | thirty | three | three-thirty | time,3 | 3:30 | 30 | 三点半 | 时间 | 钟,CLDR release-46 annotations
🕟,four-thirty,四点半,30 | 4 | 4:30 | clock | four | four-thirty | thirty | time,30 | 4 | 4:30 | 四点半 | 时间 | 钟,CLDR release-46 annotations
🕠,five-thirty,五点半,30 | 5 | 5:30 | clock | five | five-thirty | thirty | time,30 | 5 | 5:30 | 五点半 | 时钟,CLDR release-46 annotations
🕡,six-thirty,六点半,30 | 6 | 6:30 | clock | six | six-thirty | thirty,30 | 6 | 6:30 | 六点半 | 时钟,CLDR release-46 annotations
🕢,seven-thirty,七点半,30 | 7 | 7:30 | clock | seven | seven-thirty | thirty,30 | 7 | 7:30 | 七点半 | 时钟,CLDR release-46 annotations
🕣,eight-thirty,八点半,30 | 8 | 8:30 | clock | eight | eight-thirty | thirty | time,30 | 8 | 8:30 | 八点半 | 时钟,CLDR release-46 annotations
🕤,nine-thirty,九点半,30 | 9 | 9:30 | clock | nine | nine-thirty | thirty | time,30 | 9 | 9:30 | 九点半 | 时钟,CLDR release-46 annotations
🕥,ten-thirty,十点半,10 | 10:30 | 30 | clock | ten | ten-thirty | thirty | time,10 | 10:30 | 30 | 十点半 | 时钟,CLDR release-46 annotations
🕦,eleven-thirty,十一点半,11 | 11:30 | 30 | clock | eleven | eleven-thirty | thirty | time,11 | 11:30 | 30 | 十一点半 | 时钟,CLDR release-46 annotations
🕧,twelve-thirty,十二点半,12 | 12:30 | 30 | clock | thirty | time | twelve | twelve-thirty,12 | 12:30 | 30 | 十二点半 | 时钟,CLDR release-46 annotations
🕯,candle,蜡烛,candle | light,光 | 烛光 | 烛火 | 照明 | 燃烧 | 蜡烛,CLDR release-46 annotations
🕰,mantelpiece clock,座钟,clock | mantelpiece | time,台钟 | 壁炉钟 | 座钟 | 时钟,CLDR release-46 annotations
🕳,hole,洞,hole,井盖 | 坑 | 洞 | 陷阱,CLDR release-46 annotations
🕴,person in suit levitating,西装革履的人,business | levitating | person | suit,商务 | 正装 | 男 | 西装革履 | 西装革履的人,CLDR release-46 annotations
🕵,detective,侦探,detective | sleuth | spy,侦探 | 特工 | 男 | 间谍,CLDR release-46 annotations
🕶,sunglasses,墨镜,dark | eye | eyewear | glasses | sunglasses,太阳镜 | 墨镜,CLDR release-46 annotations
🕷,spider,蜘蛛,animal | insect | spider,昆虫 | 蜘蛛,CLDR release-46 annotations
🕸,spider web,蜘蛛网,spider | web,蛛网 | 蜘蛛 | 蜘蛛网,CLDR release-46 annotations
🕹,joystick,游戏操控杆,game | joystick | video | videogame,操控杆 | 游戏 | 游戏操控杆 | 电子游戏,CLDR release-46 annotations
🕺,man dancing,跳舞的男人,dance | dancer | dancing | elegant | festive | flair | flamenco | groove | let’s | man | salsa | tango,佛拉门戈 | 男人 | 男舞者 | 舞者 | 跳舞 | 跳舞的男人,CLDR release-46 annotations
🖇,linked paperclips,连起来的两个回形针,link | linked | paperclip | paperclips,万字夹 | 回形针 | 回纹针 | 曲别针 | 纸夹 | 连接 | 连接的回形针 | 连起来的两个回形针,CLDR release-46 annotations
🖊,pen,笔,ballpoint | pen,原子笔 | 圆珠笔 | 油笔 | 笔,CLDR release-46 annotations
🖋,fountain pen,钢笔,fountain | pen,写字 | 硬笔 | 笔 | 钢笔,CLDR release-46 annotations
🖌,paintbrush,画笔,paintbrush | painting,刷 | 毛笔 | 画刷 | 画笔 | 笔刷,CLDR release-46 annotations
🖍,crayon,蜡笔,crayon,油画棒 | 画棒 | 蜡笔,CLDR release-46 annotations
🖐,hand with fingers splayed,手掌,finger | fingers | hand | raised | splayed | stop,举起张开的手掌 | 击掌 | 布 | 手 | 手掌 | 禁止,CLDR release-46 annotations
🖕,middle finger,竖中指,finger | hand | middle,中指 | 反手 | 手 | 竖中指,CLDR release-46 annotations
🖖,vulcan salute,瓦肯举手礼,finger | hand | hands | salute | Vulcan,手 | 敬礼 | 斯波克 | 星际迷航 | 瓦肯 | 瓦肯举手礼,CLDR release-46 annotations
🖤,black heart,黑心,black | evil | heart | wicked,心 | 邪恶 | 黑 | 黑心 | 黑色 | 黑色的心,CLDR release-46 annotations
🖥,desktop computer,台式电脑,computer | desktop | monitor,PC | 个人电脑 | 台式 | 台式电脑 | 显示器 | 显示屏 | 电脑 | 计算机,CLDR release-46 annotations
🖨,printer,打印机,computer | printer,印刷机 | 喷墨打印 | 复印 | 打印 | 打印机 | 扫描 | 激光打印,CLDR release-46 annotations
🖱,computer mouse,电脑鼠标,computer | mouse,有线鼠标 | 激光鼠标 | 点击 | 点按 | 电脑 | 电脑鼠标 | 鼠标,CLDR release-46 annotations
🖲,trackball,轨迹球,computer | trackball,有线鼠标 | 电脑 | 轨迹球 | 追踪球 | 鼠标,CLDR release-46 annotations
🖼,framed picture,带框的画,art | frame | framed | museum | painting | picture,加框的照片 | 博物馆 | 带框的画 | 框 | 照片 | 画 | 画框 | 艺术,CLDR release-46 annotations
🗂,card index dividers,索引分隔文件夹,card | dividers | index,分隔 | 分隔卡 | 文件夹 | 索引 | 索引分隔文件夹 | 隔板,CLDR release-46 annotations
🗃,card file box,卡片盒,box | card | file,卡片 | 卡片盒 | 存档 | 文件 | 标签 | 档案 | 箱 | 索引,CLDR release-46 annotations
🗄,file cabinet,文件柜,cabinet | file | filing | paper,存档 | 归档 | 收纳 | 文件柜 | 柜 | 档案,CLDR release-46 annotations
🗑,wastebasket,垃圾桶,can | garbage | trash | waste | wastebasket,垃圾 | 垃圾桶 | 垃圾篓 | 废纸篓,CLDR release-46 annotations
🗒,spiral notepad,线圈本,note | notepad | pad | spiral,文具 | 笔记本 | 线圈 | 线圈本 | 记事本,CLDR release-46 annotations
🗓,spiral calendar,线圈日历,calendar | pad | spiral,日历 | 日期 | 线圈 | 线圈日历 | 记事本,CLDR release-46 annotations
🗜,clamp,夹钳,clamp | compress | tool | vice,压缩 | 夹具 | 夹钳 | 工具 | 机械 | 紧固,CLDR release-46 annotations
🗝,old key,老式钥匙,clue | key | lock | old,古老的钥匙 | 旧钥匙 | 线索 | 老式钥匙 | 钥匙,CLDR release-46 annotations
🗞,rolled-up newspaper,报纸卷,news | newspaper | paper | rolled | rolled-up,卷起 | 卷起的报纸 | 报纸 | 报纸卷 | 新闻 | 纸,CLDR release-46 annotations
🗡,dagger,匕首,dagger | knife | weapon,剑 | 匕首 | 武器 | 短刀 | 短剑,CLDR release-46 annotations
🗣,speaking head,说话,face | head | silhouette | speak | speaking,剪影 | 头 | 脸 | 讲话 | 说话 | 说话头,CLDR release-46 annotations
🗨,left speech bubble,朝左的话语气泡,balloon | bubble | dialog | left | speech,对话框 | 朝左的话语气泡 | 话语,CLDR release-46 annotations
🗯,right anger bubble,愤怒话语气泡,anger | angry | balloon | bubble | mad | right,右倾愤怒对话框 | 对话框 | 愤怒 | 愤怒话语气泡,CLDR release-46 annotations
🗳,ballot box with ballot,投票箱,ballot | box,投票 | 投票箱 | 盒子 | 票箱 | 选举 | 选票,CLDR release-46 annotations
🗺,world map,世界地图,map | world,世界 | 世界地图 | 地图,CLDR release-46 annotations
🗻,mount fuji,富士山,fuji | mount | mountain | nature,大自然 | 富士山 | 山,CLDR release-46 annotations
🗼,Tokyo tower,东京塔,Tokyo | tower,东京 | 东京塔 | 塔,CLDR release-46 annotations
🗽,Statue of Liberty,自由女神像,liberty | Liberty | new | ny | nyc | statue | Statue | york,塑像 | 纽约 | 自由 | 自由女神像 | 雕塑,CLDR release-46 annotations
🗾,map of Japan,日本地图,Japan | map,地图 | 日本 | 日本地图,CLDR release-46 annotations
🗿,moai,摩埃,face | moai | moyai | statue | stoneface | travel,复活岛 | 复活节岛 | 复活节岛石像 | 摩埃 | 摩艾 | 摩艾石像 | 旅行 | 毛埃 | 脸,CLDR release-46 annotations
😀,grinning face,嘿嘿,cheerful | cheery | face | grin | grinning | happy | laugh | nice | smile | smiling | teeth,嘿嘿 | 笑脸 | 脸 | 高兴,CLDR release-46 annotations
😁,beaming face with smiling eyes,嘻嘻,beaming | eye | eyes | face | grin | grinning | happy | nice | smile | smiling | teeth,嘻嘻 | 笑脸 | 笑颜 | 脸 | 露齿而笑,CLDR release-46 annotations
😂,face with tears of joy,笑哭了,crying | face | feels | funny | haha | happy | hehe | hilarious | joy | laugh | lmao | lol | rofl | roflmao | tear,lol | 喜极而泣 | 大笑 | 眼泪 | 笑 | 笑哭 | 笑哭了 | 脸,CLDR release-46 annotations
😃,grinning face with big eyes,哈哈,awesome | big | eyes | face | grin | grinning | happy | mouth | open | smile | smiling | teeth | yay,哈哈 | 太棒了 | 开口笑 | 开口笑脸 | 笑脸 | 脸 | 高兴,CLDR release-46 annotations
😄,grinning face with smiling eyes,大笑,eye | eyes | face | grin | grinning | happy | laugh | lol | mouth | open | smile | smiling,哈哈 | 大笑 | 开口而笑的脸 | 开心 | 笑 | 脸 | 露齿而笑 | 高兴,CLDR release-46 annotations
😅,grinning face with sweat,苦笑,cold | dejected | excited | face | grinning | mouth | nervous | open | smile | smiling | stress | stressed | sweat,冷汗 | 出汗 | 开口冒冷汗的脸 | 汗 | 泄气 | 紧张 | 脸 | 苦笑,CLDR release-46 annotations
😆,grinning squinting face,斜眼笑,closed | eyes | face | grinning | haha | hahaha | happy | laugh | lol | mouth | open | rofl | smile | smiling | squinting,lol | 咧嘴笑 | 哈哈 | 开心 | 斜眼笑 | 眯眼 | 眯眼大笑 | 笑 | 脸 | 高兴,CLDR release-46 annotations
😇,smiling face with halo,微笑天使,angel | angelic | angels | blessed | face | fairy | fairytale | fantasy | halo | happy | innocent | peaceful | smile | smiling | spirit | tale,光环 | 天使 | 天真 | 幻想 | 微笑 | 微笑天使 | 脸 | 顶罩光环的笑脸,CLDR release-46 annotations
😈,smiling face with horns,恶魔微笑,demon | devil | evil | face | fairy | fairytale | fantasy | horns | purple | shade | smile | smiling | tale,幻想 | 微笑 | 恶魔微笑 | 犄角 | 神话故事 | 脸 | 邪魔,CLDR release-46 annotations
😉,winking face,眨眼,face | flirt | heartbreaker | sexy | slide | tease | wink | winking | winks,媚眼 | 撩拨 | 眨眼 | 眨眼的脸 | 笑 | 脸,CLDR release-46 annotations
😊,smiling face with smiling eyes,羞涩微笑,blush | eye | eyes | face | glad | satisfied | smile | smiling,害羞 | 微笑 | 满意 | 笑脸相迎 | 羞涩 | 羞涩微笑 | 脸 | 脸红,CLDR release-46 annotations
😋,face savoring food,好吃,delicious | eat | face | food | full | hungry | savor | smile | smiling | tasty | um | yum | yummy,口水 | 哈喇子 | 好吃 | 津津有味 | 流口水 | 美味 | 脸,CLDR release-46 annotations
😌,relieved face,松了口气,calm | face | peace | relief | relieved | zen,如释重负 | 松了口气 | 松口气 | 脸 | 蝉,CLDR release-46 annotations
😍,smiling face with heart-eyes,花痴,143 | bae | eye | face | feels | heart-eyes | hearts | ily | kisses | love | romance | romantic | smile | xoxo,我爱你 | 爱 | 红心 | 脸 | 花痴,CLDR release-46 annotations
😎,smiling face with sunglasses,墨镜笑脸,awesome | beach | bright | bro | chilling | cool | face | rad | relaxed | shades | slay | smile | style | sunglasses | swag | win,太阳镜 | 眼镜 | 耶 | 脸 | 酷 | 墨镜 | 墨镜笑脸,CLDR release-46 annotations
😏,smirking face,得意,boss | dapper | face | flirt | homie | kidding | leer | shade | slick | sly | smirk | smug | snicker | suave | suspicious | swag,假笑 | 冷笑 | 得意 | 得意的笑 | 脸 | 诡异地笑,CLDR release-46 annotations
😐,neutral face,冷漠,awkward | blank | deadpan | expressionless | face | fine | jealous | meh | neutral | oh | shade | straight | unamused | unhappy | unimpressed | whatever,冷漠 | 无感 | 脸 | 表情空洞 | 面无表情,CLDR release-46 annotations
😑,expressionless face,无语,awkward | dead | expressionless | face | fine | inexpressive | jealous | meh | not | oh | omg | straight | uh | unhappy | unimpressed | whatever,无语 | 没有反应 | 绷着脸 | 脸 | 茫然 | 面无表情,CLDR release-46 annotations
😒,unamused face,不高兴,... | bored | face | fine | jealous | jel | jelly | pissed | smh | ugh | uhh | unamused | unhappy | weird | whatever,不屑 | 不服 | 不爽的脸 | 不高兴 | 脸 | 郁闷 | 鄙视 | 随便啦,CLDR release-46 annotations
😓,downcast face with sweat,汗,close | cold | downcast | face | feels | headache | nervous | sad | scared | sweat | yikes,冒冷汗 | 冒汗 | 冷 | 尴尬 | 担心 | 汗 | 脸,CLDR release-46 annotations
😔,pensive face,沉思,awful | bored | dejected | died | disappointed | face | losing | lost | pensive | sad | sucks,失落 | 心事重重 | 忧虑 | 沉思 | 脸,CLDR release-46 annotations
😕,confused face,困扰,befuddled | confused | confusing | dunno | face | frown | hm | meh | not | sad | sorry | sure,不懂 | 不确定 | 困惑 | 困扰 | 疑惑 | 脸,CLDR release-46 annotations
😖,confounded face,困惑,annoyed | confounded | confused | cringe | distraught | face | feels | frustrated | mad | sad,困惑 | 困惑的脸 | 焦头烂额 | 纠结 | 脸,CLDR release-46 annotations
😗,kissing face,亲亲,143 | date | dating | face | flirt | ily | kiss | love | smooch | smooches | xoxo | you,亲亲 | 亲吻 | 吻 | 脸,CLDR release-46 annotations
😘,face blowing a kiss,飞吻,adorbs | bae | blowing | face | flirt | heart | ily | kiss | love | lover | miss | muah | romantic | smooch | xoxo | you,亲亲 | 想你 | 我爱你 | 眨眼 | 脸 | 飞吻,CLDR release-46 annotations
😙,kissing face with smiling eyes,微笑亲亲,143 | closed | date | dating | eye | eyes | face | flirt | ily | kiss | kisses | kissing | love | night | smile | smiling,亲亲 | 吻 | 微笑 | 微笑亲亲 | 笑颜亲吻 | 脸,CLDR release-46 annotations
😚,kissing face with closed eyes,羞涩亲亲,143 | bae | blush | closed | date | dating | eye | eyes | face | flirt | ily | kisses | kissing | smooches | xoxo,亲亲 | 吻 | 我爱你 | 羞涩 | 羞涩亲亲 | 脸 | 闭眼 | 闭眼亲吻,CLDR release-46 annotations
😛,face with tongue,吐舌,awesome | cool | face | nice | party | stuck-out | sweet | tongue,吐舌 | 吐舌头的脸 | 太好了 | 脸 | 舌头 | 调皮,CLDR release-46 annotations
😜,winking face with tongue,单眼吐舌,crazy | epic | eye | face | funny | joke | loopy | nutty | party | stuck-out | tongue | wacky | weirdo | wink | winking | yolo,单眼 | 单眼吐舌 | 古怪 | 吐舌 | 开玩笑 | 怪人 | 挤眉弄眼 | 脸,CLDR release-46 annotations
😝,squinting face with tongue,眯眼吐舌,closed | eye | eyes | face | gross | horrible | omg | squinting | stuck-out | taste | tongue | whatever | yolo,可怕 | 吐舌 | 尝 | 眯眼 | 眯眼吐舌 | 眼睛 | 脸 | 都好 | 随便,CLDR release-46 annotations
😞,disappointed face,失望,awful | blame | dejected | disappointed | face | fail | losing | sad | unhappy,不高兴 | 失望 | 失望的脸 | 脸 | 难过,CLDR release-46 annotations
😟,worried face,担心,anxious | butterflies | face | nerves | nervous | sad | stress | stressed | surprised | worried | worry,不高兴 | 伤心 | 忧心的脸 | 意外 | 担心 | 担忧 | 焦虑 | 紧张 | 脸,CLDR release-46 annotations
😠,angry face,生气,anger | angry | blame | face | feels | frustrated | mad | maddening | rage | shade | unhappy | upset,不爽 | 不高兴 | 怒 | 愤怒 | 生气 | 脸,CLDR release-46 annotations
😡,enraged face,怒火中烧,anger | angry | enraged | face | feels | mad | maddening | pouting | rage | red | shade | unhappy | upset,发火 | 发飙 | 怒 | 怒火中烧 | 生气 | 脸,CLDR release-46 annotations
😢,crying face,哭,awful | cry | crying | face | feels | miss | sad | tear | triste | unhappy,伤心 | 哀伤 | 哭 | 哭脸 | 泪 | 脸,CLDR release-46 annotations
😣,persevering face,痛苦,concentrate | concentration | face | focus | headache | persevere | persevering,专注 | 入定 | 头痛 | 忍耐 | 痛苦 | 脸 | 难受,CLDR release-46 annotations
😤,face with steam from nose,傲慢,anger | angry | face | feels | fume | fuming | furious | fury | mad | nose | steam | triumph | unhappy | won,不爽 | 傲慢 | 愤怒 | 气炸了 | 胜利 | 自负 | 赢 | 趾高气昂,CLDR release-46 annotations
😥,sad but relieved face,失望但如释重负,anxious | call | close | complicated | disappointed | face | not | relieved | sad | sweat | time | whew,下次吧 | 出冷汗 | 失望 | 失望但如释重负 | 失望但解脱 | 如释重负 | 脸,CLDR release-46 annotations
😦,frowning face with open mouth,啊,caught | face | frown | frowning | guard | mouth | open | scared | scary | surprise | what | wow,啊 | 惊讶 | 意外 | 目瞪口呆 | 脸,CLDR release-46 annotations
😧,anguished face,极度痛苦,anguished | face | forgot | scared | scary | stressed | surprise | unhappy | what | wow,极度痛苦 | 痛 | 痛啊 | 痛苦 | 脸 | 难受,CLDR release-46 annotations
😨,fearful face,害怕,afraid | anxious | blame | face | fear | fearful | scared | worried,不安 | 害怕 | 怕 | 恐怖 | 恐惧 | 脸,CLDR release-46 annotations
😩,weary face,累死了,crying | face | fail | feels | hungry | mad | nooo | sad | sleepy | tired | unhappy | weary,疲倦 | 疲劳 | 疲惫 | 累 | 累死了 | 脸,CLDR release-46 annotations
😪,sleepy face,困,crying | face | good | night | sad | sleep | sleeping | sleepy | tired,哭 | 困 | 想睡 | 满脸睡容 | 疲惫 | 睡觉 | 瞌睡 | 脸,CLDR release-46 annotations
😫,tired face,累,cost | face | feels | nap | sad | sneeze | tired,倦容 | 疲倦 | 疲劳 | 疲惫 | 累 | 脸,CLDR release-46 annotations
😬,grimacing face,龇牙咧嘴,awk | awkward | dentist | face | grimace | grimacing | grinning | smile | smiling,咬牙切齿 | 尴尬 | 牙医 | 脸 | 露齿 | 露齿而笑 | 鬼脸 | 龇牙咧嘴,CLDR release-46 annotations
😭,loudly crying face,放声大哭,bawling | cry | crying | face | loudly | sad | sob | tear | tears | unhappy,哭 | 大哭 | 放声大哭 | 放声大哭的脸 | 泪 | 痛哭 | 脸,CLDR release-46 annotations
😮,face with open mouth,吃惊,believe | face | forgot | mouth | omg | open | shocked | surprised | sympathy | unbelievable | unreal | whoa | wow | you,吃惊 | 同情 | 啊 | 忘记 | 我不信 | 我的天 | 脸,CLDR release-46 annotations
😯,hushed face,缄默,epic | face | hushed | omg | stunned | surprised | whoa | woah,吃惊 | 哦 | 我的天 | 缄默 | 脸 | 静而无语,CLDR release-46 annotations
😰,anxious face with sweat,冷汗,anxious | blue | cold | eek | face | mouth | nervous | open | rushed | scared | sweat | yikes,冷汗 | 张嘴冒冷汗的脸 | 惊讶 | 无语 | 汗 | 焦虑 | 紧张 | 脸,CLDR release-46 annotations
😱,face screaming in fear,吓死了,epic | face | fear | fearful | munch | scared | scream | screamer | screaming | shocked | surprised | woah,吓死 | 吓死了 | 害怕 | 尖叫 | 恐怖 | 惊吓大叫的脸 | 脸,CLDR release-46 annotations
😲,astonished face,震惊,astonished | cost | face | no | omg | shocked | totally | way,不可以 | 惊 | 惊讶 | 惊讶的脸 | 没可能 | 绝不 | 脸 | 震惊,CLDR release-46 annotations
😳,flushed face,脸红,amazed | awkward | crazy | dazed | dead | disbelief | embarrassed | face | flushed | geez | heat | hot | impressed | jeez | what | wow,困惑 | 天呀 | 害羞 | 羞涩 | 脸 | 脸红 | 茫然 | 迷茫 | 难以置信,CLDR release-46 annotations
😴,sleeping face,睡着了,bed | bedtime | face | good | goodnight | nap | night | sleep | sleeping | tired | whatever | yawn | zzz,呼噜 | 小睡 | 想睡 | 打呼 | 晚安 | 睡容 | 睡着了 | 睡觉 | 累 | 累了 | 脸,CLDR release-46 annotations
😵,face with crossed-out eyes,晕头转向,crossed-out | dead | dizzy | eyes | face | feels | knocked | out | sick | tired,头晕 | 头晕眼花 | 晕头 | 晕头的脸 | 晕头转向 | 脸,CLDR release-46 annotations
😶,face without mouth,沉默,awkward | blank | expressionless | face | mouth | mouthless | mute | quiet | secret | silence | silent | speechless,嘴 | 安静 | 沉默 | 没嘴 | 秘密 | 脸,CLDR release-46 annotations
😷,face with medical mask,感冒,cold | dentist | dermatologist | doctor | dr | face | germs | mask | medical | medicine | sick,医生 | 口罩 | 感冒 | 戴口罩 | 戴口罩的脸 | 生病 | 病菌 | 脸,CLDR release-46 annotations
😸,grinning cat with smiling eyes,微笑的猫,animal | cat | eye | eyes | face | grin | grinning | smile | smiling,呵呵 | 微笑的猫 | 微笑的猫脸 | 猫脸 | 笑 | 笑颜逐开 | 脸,CLDR release-46 annotations
😹,cat with tears of joy,笑出眼泪的猫,animal | cat | face | joy | laugh | laughing | lol | tear | tears,喜极而泣 | 快乐 | 猫脸 | 眼泪 | 笑出眼泪 | 笑出眼泪的猫 | 笑出眼泪的猫脸 | 脸,CLDR release-46 annotations
😺,grinning cat,大笑的猫,animal | cat | face | grinning | mouth | open | smile | smiling,哈哈 | 大笑的猫 | 大笑的猫脸 | 猫脸 | 笑 | 脸,CLDR release-46 annotations
😻,smiling cat with heart-eyes,花痴的猫,animal | cat | eye | face | heart | heart-eyes | love | smile | smiling,WC | 喜欢 | 心 | 猫 | 猫脸 | 脸 | 花痴 | 花痴的猫 | 花痴的猫脸,CLDR release-46 annotations
😼,cat with wry smile,奸笑的猫,animal | cat | face | ironic | smile | wry,嘲讽笑容 | 奸笑 | 奸笑的猫 | 奸笑的猫脸 | 猫脸 | 脸 | 讽刺,CLDR release-46 annotations
😽,kissing cat,亲亲猫,animal | cat | closed | eye | eyes | face | kiss | kissing,亲亲 | 亲亲猫 | 吻 | 猫脸 | 猫脸亲亲 | 脸 | 闭眼亲亲的猫脸,CLDR release-46 annotations
😾,pouting cat,生气的猫,animal | cat | face | pouting,猫脸 | 生气 | 生气的猫 | 生气的猫脸 | 脸,CLDR release-46 annotations
😿,crying cat,哭泣的猫,animal | cat | cry | crying | face | sad | tear,哭 | 哭泣的猫 | 哭泣的猫脸 | 泪 | 猫脸 | 眼泪 | 脸 | 难过,CLDR release-46 annotations
🙀,weary cat,疲倦的猫,animal | cat | face | oh | surprised | weary,惊讶 | 猫脸 | 疲倦 | 疲倦的猫 | 疲倦的猫脸 | 疲劳 | 疲惫 | 累 | 脸,CLDR release-46 annotations
🙁,slightly frowning face,微微不满,face | frown | frowning | sad | slightly,不开心 | 不高兴 | 不高兴的脸 | 委屈 | 小委屈 | 微微不满 | 心情不好 | 脸,CLDR release-46 annotations
🙂,slightly smiling face,呵呵,face | happy | slightly | smile | smiling,呵呵 | 开心 | 浅笑的脸 | 笑 | 脸,CLDR release-46 annotations
🙃,upside-down face,倒脸,face | hehe | smile | upside-down,倒脸 | 好玩 | 好笑 | 脸 | 颠倒 | 颠倒的脸,CLDR release-46 annotations
🙄,face with rolling eyes,翻白眼,eyeroll | eyes | face | rolling | shade | ugh | whatever,不敢苟同 | 无语 | 白眼 | 翻白眼 | 脸 | 随便啦,CLDR release-46 annotations
🙅,person gesturing NO,禁止手势,forbidden | gesture | hand | NO | not | person | prohibit,不允许 | 不可能 | 不行 | 不通过 | 反对 | 手 | 用手势表示不的人 | 禁止 | 禁止手势,CLDR release-46 annotations
🙆,person gesturing OK,OK手势,exercise | gesture | gesturing | hand | OK | omg | person,ok | OK手势 | 同意 | 女子用手势表示好 | 好的 | 手 | 手势 | 摆姿势 | 锻炼,CLDR release-46 annotations
🙇,person bowing,鞠躬,apology | ask | beg | bow | bowing | favor | forgive | gesture | meditate | meditation | person | pity | regret | sorry,不好意思 | 冥想 | 姿势 | 对不起 | 惭愧 | 感谢 | 懊悔 | 祈求宽恕 | 道歉 | 鞠躬 | 鞠躬的人,CLDR release-46 annotations
🙈,see-no-evil monkey,非礼勿视,embarrassed | evil | face | forbidden | forgot | gesture | hide | monkey | no | omg | prohibited | scared | secret | smh | watch,不许看 | 别看 | 尴尬 | 糗 | 脸 | 蒙住眼睛 | 蒙眼 | 非礼勿视,CLDR release-46 annotations
🙉,hear-no-evil monkey,非礼勿听,animal | ears | evil | face | forbidden | gesture | hear | listen | monkey | no | not | prohibited | secret | shh | tmi,嘘 | 堵上耳朵 | 堵耳 | 猴子 | 脸 | 非礼勿听,CLDR release-46 annotations
🙊,speak-no-evil monkey,非礼勿言,animal | evil | face | forbidden | gesture | monkey | no | not | oops | prohibited | quiet | secret | speak | stealth,不许说 | 捂上嘴巴 | 捂嘴 | 秘密 | 脸 | 非礼勿言,CLDR release-46 annotations
🙋,person raising hand,举手,gesture | hand | here | know | me | person | pick | question | raise | raising,举手 | 举手的人 | 嗨 | 开心 | 我参加 | 我可以帮忙 | 我知道 | 手 | 看这里 | 选我,CLDR release-46 annotations
🙌,raising hands,举双手,celebration | gesture | hand | hands | hooray | praise | raised | raising,举双手 | 举手 | 击掌 | 双手 | 庆祝 | 手,CLDR release-46 annotations
🙍,person frowning,皱眉,annoyed | disappointed | disgruntled | disturbed | frown | frowning | frustrated | gesture | irritated | person | upset,不开心 | 不满 | 不爽 | 失望 | 心烦意乱 | 恼火 | 沮丧 | 皱眉 | 皱眉的人,CLDR release-46 annotations
🙎,person pouting,撅嘴,disappointed | downtrodden | frown | grimace | person | pouting | scowl | sulk | upset | whine,不开心 | 不高兴 | 低落 | 噘嘴 | 失望 | 怒视 | 撅嘴 | 撅嘴的人 | 生闷气 | 皱眉 | 苦相 | 表情,CLDR release-46 annotations
🙏,folded hands,双手合十,appreciate | ask | beg | blessed | bow | cmon | five | folded | gesture | hand | high | please | pray | thanks | thx,双手合十 | 合掌 | 感恩 | 拜托 | 祈求 | 祈祷 | 祈福 | 祝福 | 谢谢,CLDR release-46 annotations
🚀,rocket,火箭,launch | rocket | rockets | space | travel,发射 | 太空 | 旅行 | 火箭,CLDR release-46 annotations
🚁,helicopter,直升机,copter | helicopter | roflcopter | travel | vehicle,旅行 | 直升机 | 直升飞机,CLDR release-46 annotations
🚂,locomotive,蒸汽火车,caboose | engine | locomotive | railway | steam | train | trains | travel,守车 | 旅行 | 火车 | 火车头 | 蒸汽 | 蒸汽火车 | 蒸汽车头 | 铁路,CLDR release-46 annotations
🚃,railway car,轨道车,car | electric | railway | train | tram | travel | trolleybus,旅行 | 电车 | 轨道车 | 铁路,CLDR release-46 annotations
🚄,high-speed train,高速列车,high-speed | railway | shinkansen | speed | train,动车 | 新干线 | 火车 | 速度 | 高速列车 | 高铁,CLDR release-46 annotations
🚅,bullet train,子弹头高速列车,bullet | high-speed | nose | railway | shinkansen | speed | train | travel,动车 | 子弹列车 | 子弹头 | 子弹头高速列车 | 新干线 | 火车 | 高速 | 高铁,CLDR release-46 annotations
🚆,train,火车,arrived | choo | railway | train,到站 | 呜呜 | 火车 | 铁路,CLDR release-46 annotations
🚇,metro,地铁,metro | subway | travel,地铁 | 捷运,CLDR release-46 annotations
🚈,light rail,轻轨,arrived | light | monorail | rail | railway,到站 | 单轨电车 | 火车 | 轻轨,CLDR release-46 annotations
🚉,station,车站,railway | station | train,地铁 | 捷运 | 火车 | 车站 | 铁路,CLDR release-46 annotations
🚊,tram,路面电车,tram | trolleybus,捷运 | 电车 | 路面电车,CLDR release-46 annotations
🚋,tram car,有轨电车,bus | car | tram | trolley | trolleybus,有轨电车 | 轨道,CLDR release-46 annotations
🚌,bus,公交车,bus | school | vehicle,公交 | 公交车 | 公共汽车 | 大巴,CLDR release-46 annotations
🚍,oncoming bus,迎面驶来的公交车,bus | cars | oncoming,公交 | 公共汽车 | 大巴 | 迎面驶来 | 迎面驶来的公交车,CLDR release-46 annotations
🚎,trolleybus,无轨电车,bus | tram | trolley | trolleybus,公共汽车 | 无轨电车 | 电车,CLDR release-46 annotations
🚏,bus stop,公交车站,bus | busstop | stop,公交站 | 公交车站 | 公共汽车站,CLDR release-46 annotations
🚐,minibus,小巴,bus | drive | minibus | van | vehicle,公共汽车 | 小巴 | 开车 | 移动房车,CLDR release-46 annotations
🚑,ambulance,救护车,ambulance | emergency | vehicle,急救 | 救护车 | 车辆,CLDR release-46 annotations
🚒,fire engine,消防车,engine | fire | truck,救火车 | 消防车 | 火灾,CLDR release-46 annotations
🚓,police car,警车,5–0 | car | cops | patrol | police,檀岛警騎 | 汽车 | 警察 | 警车 | 巡逻,CLDR release-46 annotations
🚔,oncoming police car,迎面驶来的警车,car | oncoming | police,汽车 | 警察 | 警车 | 迎面驶来的警车,CLDR release-46 annotations
🚕,taxi,出租车,cab | cabbie | car | drive | taxi | vehicle | yellow,出租车 | 小黄 | 开车 | 汽车 | 的士 | 计程车,CLDR release-46 annotations
🚖,oncoming taxi,迎面驶来的出租车,cab | cabbie | cars | drove | hail | oncoming | taxi | yellow,优步 | 出租车 | 叫车 | 小黄 | 开车 | 的士 | 迎面驶来的出租车,CLDR release-46 annotations
🚗,automobile,汽车,automobile | car | driving | vehicle,开车 | 汽车 | 轿车,CLDR release-46 annotations
🚘,oncoming automobile,迎面驶来的汽车,automobile | car | cars | drove | oncoming | vehicle,开车 | 汽车 | 轿车 | 迎面而来 | 迎面驶来的汽车,CLDR release-46 annotations
🚙,sport utility vehicle,运动型多用途车,car | drive | recreational | sport | sportutility | utility | vehicle,SUV | 休旅车 | 休闲车 | 开车 | 房车 | 汽车 | 车辆 | 轿车 | 运动型多用途车 | 驾驶,CLDR release-46 annotations
🚚,delivery truck,货车,car | delivery | drive | truck | vehicle,卡车 | 开车 | 货车 | 送货,CLDR release-46 annotations
🚛,articulated lorry,铰接式货车,articulated | car | drive | lorry | move | semi | truck | vehicle,卡车 | 拖车 | 搬运 | 货车 | 铰接式卡车 | 铰接式货车,CLDR release-46 annotations
🚜,tractor,拖拉机,tractor | vehicle,拖拉机,CLDR release-46 annotations
🚝,monorail,单轨,monorail | vehicle,单轨 | 单轨电车 | 火车,CLDR release-46 annotations
🚞,mountain railway,山区铁路,car | mountain | railway | trip,山区 | 山区铁路 | 山地铁路 | 火车 | 铁路,CLDR release-46 annotations
🚟,suspension railway,空轨,railway | suspension,悬挂 | 悬挂式单轨 | 空中轨道列车 | 空轨,CLDR release-46 annotations
🚠,mountain cableway,缆车,cable | cableway | gondola | lift | mountain | ski,空中 | 索道 | 缆车,CLDR release-46 annotations
🚡,aerial tramway,索道,aerial | cable | car | gondola | ropeway | tramway,空中 | 索道 | 缆车,CLDR release-46 annotations
🚢,ship,船,boat | passenger | ship | travel,旅客 | 旅行 | 船,CLDR release-46 annotations
🚣,person rowing boat,划艇,boat | canoe | cruise | fishing | lake | oar | paddle | person | raft | river | row | rowboat | rowing,划桨 | 划船运动 | 划艇 | 木筏 | 河 | 泛舟湖上 | 湖 | 独木舟 | 船 | 钓鱼,CLDR release-46 annotations
🚤,speedboat,快艇,billionaire | boat | lake | luxury | millionaire | speedboat | summer | travel,亿万富翁 | 快艇 | 船 | 豪华游艇,CLDR release-46 annotations
🚥,horizontal traffic light,横向的红绿灯,horizontal | intersection | light | signal | stop | stoplight | traffic,交通灯 | 信号灯 | 横向的红绿灯 | 红绿灯,CLDR release-46 annotations
🚦,vertical traffic light,纵向的红绿灯,drove | intersection | light | signal | stop | stoplight | traffic | vertical,交叉口 | 交通灯 | 信号灯 | 直的红绿灯 | 红绿灯 | 纵向的红绿灯,CLDR release-46 annotations
🚧,construction,路障,barrier | construction,施工 | 路障,CLDR release-46 annotations
🚨,police car light,警车灯,alarm | alert | beacon | car | emergency | light | police | revolving | siren,灯 | 紧急 | 警报 | 警灯 | 警示 | 警车灯,CLDR release-46 annotations
🚩,triangular flag,三角旗,construction | flag | golf | post | triangular,三角旗 | 升旗 | 旗 | 旗杆上的三角旗 | 旗杆上的旗帜 | 红色旗帜 | 高尔夫,CLDR release-46 annotations
🚪,door,门,back | closet | door | front,出入口 | 前门 | 后门 | 大门 | 屋门 | 房门 | 房间 | 门,CLDR release-46 annotations
🚫,prohibited,禁止,entry | forbidden | no | not | prohibited | smoke,不准 | 不许 | 严禁 | 禁入 | 禁止 | 禁行 | 阻止,CLDR release-46 annotations
🚬,cigarette,香烟,cigarette | smoking,卷烟 | 吸烟 | 抽烟 | 烟 | 烟草 | 香烟,CLDR release-46 annotations
🚭,no smoking,禁止吸烟,forbidden | no | not | prohibited | smoke | smoking,严禁 | 吸烟 | 抽烟 | 禁止 | 禁止吸烟 | 禁烟,CLDR release-46 annotations
🚮,litter in bin sign,倒垃圾,bin | litter | litterbin | sign,倒垃圾 | 垃圾丢弃处 | 垃圾入篓 | 垃圾桶,CLDR release-46 annotations
🚯,no littering,禁止乱扔垃圾,forbidden | litter | littering | no | not | prohibited,严禁 | 垃圾 | 禁丢垃圾 | 禁止 | 禁止乱扔垃圾,CLDR release-46 annotations
🚰,potable water,饮用水,drinking | potable | water,可以喝的 | 喝水 | 接水 | 水 | 水龙头 | 饮用水,CLDR release-46 annotations
🚱,non-potable water,非饮用水,dry | non-drinking | non-potable | prohibited | water,水 | 禁止用水 | 节约用水 | 非直饮水 | 非饮用水,CLDR release-46 annotations
🚲,bicycle,自行车,bicycle | bike | class | cycle | cycling | cyclist | gang | ride | spin | spinning,单车 | 脚踏车 | 自行车 | 自行车骑士 | 飞驰 | 骑车 | 骑车疾驰,CLDR release-46 annotations
🚳,no bicycles,禁止自行车,bicycle | bicycles | bike | forbidden | no | not | prohibited,严禁 | 交通 | 禁止 | 禁止自行车 | 禁行自行车 | 自行车 | 非机动车,CLDR release-46 annotations
🚴,person biking,骑自行车,bicycle | bicyclist | bike | biking | cycle | cyclist | person | riding | sport,单车 | 脚踏车 | 自行车 | 自行车赛 | 自行车骑士 | 运动 | 骑单车 | 骑脚踏车者 | 骑自行车 | 骑自行车的人 | 骑自行车者,CLDR release-46 annotations
🚵,person mountain biking,骑山地车,bicycle | bicyclist | bike | biking | cycle | cyclist | mountain | person | riding | sport,体育竞技 | 单车 | 山 | 山地自行车 | 山地车 | 山地骑行的人 | 自行车 | 运动 | 骑山地车 | 骑山地车的人 | 骑自行车 | 骑自行车者,CLDR release-46 annotations
🚶,person walking,行人,amble | gait | hike | man | pace | pedestrian | person | stride | stroll | walk | walking,压马路 | 徒步 | 散步 | 昂首阔步 | 竞走 | 行人 | 行走的人 | 走路 | 远足 | 闲逛,CLDR release-46 annotations
🚷,no pedestrians,禁止行人通行,forbidden | no | not | pedestrian | pedestrians | prohibited,严禁 | 禁止行人通行 | 行人,CLDR release-46 annotations
🚸,children crossing,儿童过街,child | children | crossing | pedestrian | traffic,交通 | 儿童过街 | 安全 | 指示牌 | 行人,CLDR release-46 annotations
🚹,men’s room,男厕,bathroom | lavatory | man | men’s | restroom | room | toilet | WC,卫生间 | 厕所 | 洗手间 | 男厕 | 男士,CLDR release-46 annotations
🚺,women’s room,女厕,bathroom | lavatory | restroom | room | toilet | WC | woman | women’s,卫生间 | 厕所 | 女厕 | 女士 | 洗手间,CLDR release-46 annotations
🚻,restroom,卫生间,bathroom | lavatory | restroom | toilet | WC,WC | 卫生间 | 厕所 | 洗手间,CLDR release-46 annotations
🚼,baby symbol,宝宝,baby | changing | symbol,婴儿 | 宝宝 | 换尿片 | 母婴室,CLDR release-46 annotations
🚽,toilet,马桶,bathroom | toilet,WC | 卫生间 | 厕所 | 洗手间 | 马桶,CLDR release-46 annotations
🚾,water closet,厕所,bathroom | closet | lavatory | restroom | toilet | water | WC,卫生间 | 厕所 | 洗手间 | 盥洗室,CLDR release-46 annotations
🚿,shower,淋浴,shower | water,喷头 | 喷水 | 水 | 洗澡 花洒 | 淋浴 | 花洒,CLDR release-46 annotations
🛀,person taking bath,洗澡的人,bath | bathtub | person | taking | tub,洗澡 | 洗澡的人 | 浴盆 | 浴缸 | 澡盆 | 盆浴,CLDR release-46 annotations
🛁,bathtub,浴缸,bath | bathtub,沐浴 | 泡沫浴 | 泡澡 | 洗澡 | 浴盆 | 浴缸 | 澡盆,CLDR release-46 annotations
🛂,passport control,护照检查,control | passport,安检 | 护照 | 护照检查 | 检查 | 通行证,CLDR release-46 annotations
🛃,customs,海关,customs | packing,海关 | 行李打包,CLDR release-46 annotations
🛄,baggage claim,提取行李,arrived | baggage | bags | case | checked | claim | journey | packing | plane | ready | travel | trip,提取 | 提取行李 | 旅行 | 行李,CLDR release-46 annotations
🛅,left luggage,寄存行李,baggage | case | left | locker | luggage,储物柜 | 寄存 | 寄存行李 | 行李,CLDR release-46 annotations
🛋,couch and lamp,沙发和灯,couch | hotel | lamp,家 | 沙发 | 沙发和灯 | 灯 | 阅读,CLDR release-46 annotations
🛌,person in bed,躺在床上的人,bed | bedtime | good | goodnight | hotel | nap | night | person | sleep | tired | zzz,入睡 | 夜里 | 宾馆 | 晚安 | 躺在床上的人 | 酒店,CLDR release-46 annotations
🛍,shopping bags,购物袋,bag | bags | hotel | shopping,包 | 袋 | 购物 | 购物袋 | 逛街,CLDR release-46 annotations
🛎,bellhop bell,服务铃,bell | bellhop | hotel,服务铃 | 行李员 | 酒店 | 铃,CLDR release-46 annotations
🛏,bed,床,bed | hotel | sleep,宾馆 | 床 | 床垫 | 床铺 | 睡 | 睡眠 | 睡觉,CLDR release-46 annotations
🛐,place of worship,宗教场所,place | pray | religion | worship,地点 | 宗教 | 宗教场所 | 崇拜 | 敬神 | 礼拜 | 祈祷,CLDR release-46 annotations
🛑,stop sign,停止标志,octagonal | sign | stop,停止 | 停止标志 | 八角形 | 八边形 | 标志,CLDR release-46 annotations
🛒,shopping cart,购物车,cart | shopping | trolley,手推车 | 购物 | 购物车 | 采购,CLDR release-46 annotations
🛕,hindu temple,印度寺庙,hindu | temple,佛寺 | 佛教 | 印度寺庙 | 寺庙 | 寺院 | 庙宇,CLDR release-46 annotations
🛖,hut,小屋,home | house | hut | roundhouse | shelter | yurt,圆屋 | 家 | 小屋 | 茅屋 | 蒙古包,CLDR release-46 annotations
🛗,elevator,电梯,accessibility | elevator | hoist | lift,升降机 | 可达性 | 电梯,CLDR release-46 annotations
🛜,wireless,无线,broadband | computer | connectivity | hotspot | internet | network | router | smartphone | wi-fi | wifi | wireless | wlan,Wi-Fi | WLAN | 互联网 | 宽带 | 无线 | 智能手机 | 热点 | 电脑 | 网络 | 计算机 | 连接,CLDR release-46 annotations
🛝,playground slide,游乐场滑梯,amusement | park | play | playground | playing | slide | sliding | theme,游乐园 | 游乐场 | 游乐场滑梯 | 滑梯 | 玩 | 玩耍,CLDR release-46 annotations
🛞,wheel,车轮,car | circle | tire | turn | vehicle | wheel,圆圈 | 汽车 | 车轮 | 车辆 | 转动 | 轮胎,CLDR release-46 annotations
🛟,ring buoy,救生圈,buoy | float | life | lifesaver | preserver | rescue | ring | safety | save | saver | swim,安全 | 救援 | 救生 | 救生圈 | 救生用具 | 游泳 | 漂浮,CLDR release-46 annotations
🛠,hammer and wrench,锤子与扳手,hammer | spanner | tool | wrench,工具 | 扳手 | 铁锤 | 锤子 | 锤子与扳手,CLDR release-46 annotations
🛡,shield,盾牌,shield | weapon,武器 | 盾 | 盾牌 | 防御,CLDR release-46 annotations
🛢,oil drum,石油桶,drum | oil,桶 | 油桶 | 石油 | 石油桶,CLDR release-46 annotations
🛣,motorway,高速公路,highway | motorway | road,公路 | 高速公路,CLDR release-46 annotations
🛤,railway track,铁轨,railway | track | train,火车 | 铁路 | 铁轨,CLDR release-46 annotations
🛥,motor boat,摩托艇,boat | motor | motorboat,摩托艇 | 船,CLDR release-46 annotations
🛩,small airplane,小型飞机,aeroplane | airplane | plane | small,小型飞机 | 小飞机 | 飞机,CLDR release-46 annotations
🛫,airplane departure,航班起飞,aeroplane | airplane | check-in | departure | departures | plane,值机 | 出境 | 报到 | 登机 | 离境 | 航班 | 航班起飞 | 起飞 | 飞机,CLDR release-46 annotations
🛬,airplane arrival,航班降落,aeroplane | airplane | arrival | arrivals | arriving | landing | plane,到达 | 着陆 | 航班 | 航班降落 | 降落 | 飞机,CLDR release-46 annotations
🛰,satellite,卫星,satellite | space,卫星 | 太空,CLDR release-46 annotations
🛳,passenger ship,客轮,passenger | ship,客船 | 客轮 | 旅客,CLDR release-46 annotations
🛴,kick scooter,滑板车,kick | scooter,滑板车,CLDR release-46 annotations
🛵,motor scooter,小型摩托车,motor | scooter,小型摩托车 | 摩托车 | 踏板车,CLDR release-46 annotations
🛶,canoe,独木舟,boat | canoe,独木舟 | 船,CLDR release-46 annotations
🛷,sled,雪橇,luge | sled | sledge | sleigh | snow | toboggan,下雪 | 乘雪橇 | 平底雪橇 | 雪橇 | 驾雪橇,CLDR release-46 annotations
🛸,flying saucer,飞碟,aliens | extra | flying | saucer | terrestrial | UFO,UFO | 不明飞行物 | 外星人 | 外星球 | 飞碟,CLDR release-46 annotations
🛹,skateboard,滑板,board | skate | skateboard | skater | wheels,板 | 滑板 | 踩滑板,CLDR release-46 annotations
🛺,auto rickshaw,三轮摩托车,auto | rickshaw | tuk,三脚鸡 | 三蹦子 | 三轮摩托车 | 嘟嘟车 | 电动三轮车 | 自动人力车 | 黄包车,CLDR release-46 annotations
🛻,pickup truck,敞蓬小型载货卡车,automobile | car | flatbed | pick-up | pickup | transportation | truck,交通工具 | 卡车 | 敞蓬小型载货卡车 | 汽车 | 皮卡 | 车 | 载货,CLDR release-46 annotations
🛼,roller skate,四轮滑冰鞋,blades | roller | skate | skates | sport,四轮滑冰鞋 | 旱冰 | 溜冰 | 溜冰鞋 | 滑冰 | 轮式 | 运动,CLDR release-46 annotations
🟠,orange circle,橙色圆,circle | orange,圆 | 圆圈 | 圈 | 橙 | 橙色圆,CLDR release-46 annotations
🟡,yellow circle,黄色圆,circle | yellow,圆 | 圈 | 黄 | 黄色 | 黄色圆 | 黄色圆圈,CLDR release-46 annotations
🟢,green circle,绿色圆,circle | green,圆 | 圆圈 | 圈 | 绿 | 绿色圆,CLDR release-46 annotations
🟣,purple circle,紫色圆,circle | purple,圆 | 圆圈 | 圈 | 紫 | 紫色 | 紫色圆 | 紫色圆圈,CLDR release-46 annotations
🟤,brown circle,棕色圆,brown | circle,圆 | 圆圈 | 圈 | 棕 | 棕色圆,CLDR release-46 annotations
🟥,red square,红色方块,card | penalty | red | square,方块 | 方框 | 正方形 | 红 | 红色 | 红色方块,CLDR release-46 annotations
🟦,blue square,蓝色方块,blue | square,方块 | 方框 | 正方形 | 蓝 | 蓝色 | 蓝色方块,CLDR release-46 annotations
🟧,orange square,橙色方块,orange | square,方块 | 方框 | 橙 | 橙色 | 橙色方块 | 正方形,CLDR release-46 annotations
🟨,yellow square,黄色方块,card | penalty | square | yellow,方块 | 方框 | 正方形 | 黄 | 黄色 | 黄色方块,CLDR release-46 annotations
🟩,green square,绿色方块,green | square,方块 | 方框 | 正方形 | 绿 | 绿色 | 绿色方块,CLDR release-46 annotations
🟪,purple square,紫色方块,purple | square,方块 | 方框 | 正方形 | 紫 | 紫色 | 紫色方块,CLDR release-46 annotations
🟫,brown square,棕色方块,brown | square,方块 | 方框 | 棕 | 棕色 | 棕色方块 | 正方形,CLDR release-46 annotations
🟰,heavy equals sign,粗等号,answer | equal | equality | equals | heavy | math | sign,回答 | 平等 | 数学 | 相等 | 等于 | 等号 | 答案 | 粗等号,CLDR release-46 annotations
🤌,pinched fingers,捏手指,fingers | gesture | hand | hold | huh | interrogation | patience | pinched | relax | sarcastic | ugh | what | zip,为什么 | 你到底在说什么 | 匮乏 | 审讯 | 强调 | 您要什么 | 手势 | 手指 | 挖苦 | 捏手指 | 放松点,CLDR release-46 annotations
🤍,white heart,白心,143 | heart | white,心 | 心形 | 爱心 | 白 | 白心 | 白色 | 白色爱心,CLDR release-46 annotations
🤎,brown heart,棕心,143 | brown | heart,心 | 心形 | 棕 | 棕心 | 棕色 | 棕色爱心 | 爱心,CLDR release-46 annotations
🤏,pinching hand,捏合的手势,amount | bit | fingers | hand | little | pinching | small | sort,一点 | 一点点 | 小 | 少 | 少量 | 手指 | 捏合的手势 | 捏着 | 某种程度上,CLDR release-46 annotations
🤐,zipper-mouth face,闭嘴,face | keep | mouth | quiet | secret | shut | zip | zipper | zipper-mouth,住嘴 | 嘴 | 封口 | 秘密 | 脸 | 闭嘴,CLDR release-46 annotations
🤑,money-mouth face,发财,face | money | money-mouth | mouth | paid,发财 | 拜金 | 脸 | 见钱眼开 | 金钱至上 | 钱,CLDR release-46 annotations
🤒,face with thermometer,发烧,face | ill | sick | thermometer,体温计 | 发烧 | 咬着体温计的脸 | 温度计 | 生病 | 脸 | 量体温,CLDR release-46 annotations
🤓,nerd face,书呆子脸,brainy | clever | expert | face | geek | gifted | glasses | intelligent | nerd | smart,专家 | 书呆子 | 书呆子脸 | 天才 | 奇葩 | 宅男 | 极客 | 眼镜 | 眼镜笑脸 | 聪明 | 脸,CLDR release-46 annotations
🤔,thinking face,想一想,chin | consider | face | hmm | ponder | pondering | thinking | wondering,思考 | 想 | 想一想 | 想事情 | 脸,CLDR release-46 annotations
🤕,face with head-bandage,受伤,bandage | face | head-bandage | hurt | injury | ouch,受伤 | 头绑绷带 | 打绷带 | 脸,CLDR release-46 annotations
🤖,robot,机器人,face | monster | robot,怪物 | 机器人 | 脸,CLDR release-46 annotations
🤗,smiling face with open hands,抱抱,face | hands | hug | hugging | open | smiling,抱 | 抱抱 | 拥抱 | 笑 | 脸,CLDR release-46 annotations
🤘,sign of the horns,摇滚,finger | hand | horns | rock-on | sign,手 | 摇滚 | 摇滚精神 | 燥起来 | 角 | 金属礼,CLDR release-46 annotations
🤙,call me hand,给我打电话,call | hand | hang | loose | me | Shaka,手 | 打电话给我 | 电话 | 给我打电话 | 给我打电话的手势,CLDR release-46 annotations
🤚,raised back of hand,立起的手背,back | backhand | hand | raised,举起 | 举起手背 | 手 | 手背 | 立起 | 立起的手背,CLDR release-46 annotations
🤛,left-facing fist,朝左的拳头,fist | left-facing | leftwards,拳头 | 朝左 | 朝左的拳头,CLDR release-46 annotations
🤜,right-facing fist,朝右的拳头,fist | right-facing | rightwards,手 | 拳头 | 朝右 | 朝右的拳头,CLDR release-46 annotations
🤝,handshake,握手,agreement | deal | hand | handshake | meeting | shake,一言为定 | 会面 | 协议 | 君子协定 | 握手,CLDR release-46 annotations
🤞,crossed fingers,交叉的手指,cross | crossed | finger | fingers | hand | luck,交叉 | 交叉的手指 | 幸运 | 手 | 手指 | 祝好运,CLDR release-46 annotations
🤟,love-you gesture,爱你的手势,fingers | gesture | hand | ILY | love | love-you | three | you,三种 | 我爱你 | 手 | 爱你 | 爱你的手势,CLDR release-46 annotations
🤠,cowboy hat face,牛仔帽脸,cowboy | cowgirl | face | hat,帽 | 牛仔 | 牛仔帽脸 | 脸,CLDR release-46 annotations
🤡,clown face,小丑脸,clown | face,小丑 | 小丑脸 | 脸,CLDR release-46 annotations
🤢,nauseated face,恶心,face | gross | nasty | nauseated | sick | vomit,吐 | 呕 | 恶心 | 恶心作呕的脸 | 脸 | 脸绿了,CLDR release-46 annotations
🤣,rolling on the floor laughing,笑得满地打滚,crying | face | floor | funny | haha | happy | hehe | hilarious | joy | laugh | lmao | lol | rofl | roflmao | rolling | tear,lolol | 乐翻了 | 哈哈 | 地板 | 太扯了 | 打滚 | 满地打滚的笑 | 笑 | 笑得流泪 | 笑得满地打滚 | 脸 | 超扯,CLDR release-46 annotations
🤤,drooling face,流口水,drooling | face,口水 | 垂涎 | 垂涎三尺 | 流口水 | 流口水的脸 | 脸,CLDR release-46 annotations
🤥,lying face,说谎,face | liar | lie | lying | pinocchio,匹诺曹 | 脸 | 说谎 | 长鼻子 | 长鼻子脸,CLDR release-46 annotations
🤦,person facepalming,捂脸,again | bewilder | disbelief | exasperation | facepalm | no | not | oh | omg | person | shock | smh,人 | 尴尬 | 恼怒 | 我的天哪 | 扶额 | 捂脸 | 无语 | 难以置信 | 震惊,CLDR release-46 annotations
🤧,sneezing face,打喷嚏,face | fever | flu | gesundheit | sick | sneeze | sneezing,喷嚏 | 打喷嚏 | 打喷嚏的脸 | 生病 | 脸 | 鼻涕,CLDR release-46 annotations
🤨,face with raised eyebrow,挑眉,disapproval | disbelief | distrust | emoji | eyebrow | face | hmm | mild | raised | skeptic | skeptical | skepticism | surprise | what,不信任 | 不敢置信 | 不赞同 | 怀疑 | 挑眉 | 氧起眉毛的脸 | 眉毛上挑的脸 | 脸,CLDR release-46 annotations
🤩,star-struck,好崇拜哦,excited | eyes | face | grinning | smile | star | star-struck | starry-eyed | wow,兴奋 | 咧嘴笑 | 好崇拜哦 | 满天星 | 满眼星 | 脸 | 追星族 | 露齿笑,CLDR release-46 annotations
🤪,zany face,滑稽,crazy | eye | eyes | face | goofy | large | small | zany,大小眼 | 大眼 | 小眼 | 滑稽 | 滑稽的脸 | 疯狂的脸 | 疯眼 | 疯脸 | 脸,CLDR release-46 annotations
🤫,shushing face,安静的脸,face | quiet | shh | shush | shushing,嘘 | 嘘声手势的脸 | 安静 | 安静的脸,CLDR release-46 annotations
🤬,face with symbols on mouth,嘴上有符号的脸,censor | cursing | cussing | face | mad | mouth | pissed | swearing | symbols,不爽 | 发誓 | 咒骂 | 嘴上有符号的脸 | 生气 | 碎碎唸的脸 | 脸 | 诅咒,CLDR release-46 annotations
🤭,face with hand over mouth,不说,face | giggle | giggling | hand | mouth | oops | realization | secret | shock | sudden | surprise | whoops,不可说 | 不说 | 傻笑 | 吃吃傻笑 | 哎呀 | 意外 | 捂嘴而笑 | 猛然发现 | 秘密 | 脸,CLDR release-46 annotations
🤮,face vomiting,呕吐,barf | ew | face | gross | puke | sick | spew | throw | up | vomit | vomiting,不舒服 | 吐 | 呕吐 | 呕吐的脸 | 生病 | 病容 | 病恹恹 | 脸,CLDR release-46 annotations
🤯,exploding head,爆炸头,blown | explode | exploding | head | mind | mindblown | no | shocked | way,不可能 | 印象深刻 | 吓到了 | 惊吓 | 爆炸头 | 震惊,CLDR release-46 annotations
🤰,pregnant woman,孕妇,pregnant | woman,女人 | 孕妇 | 怀孕 | 怀孕的女人,CLDR release-46 annotations
🤱,breast-feeding,母乳喂养,baby | breast | breast-feeding | feeding | mom | mother | nursing | woman,乳房 | 哺乳 | 喂奶 | 婴儿 | 母乳喂养,CLDR release-46 annotations
🤲,palms up together,掌心向上托起,cupped | dua | hands | palms | pray | prayer | together | up | wish,双掌 | 双掌向上 | 希望 | 掌心向上托起 | 祈祷 | 祷告,CLDR release-46 annotations
🤳,selfie,自拍,camera | phone | selfie,手机 | 相机 | 自拍,CLDR release-46 annotations
🤴,prince,王子,crown | fairy | fairytale | fantasy | king | prince | royal | royalty | tale,王子 | 皇家,CLDR release-46 annotations
🤵,person in tuxedo,穿燕尾服的人,formal | person | tuxedo | wedding,人 | 新郎 | 正式 | 燕尾服 | 男人 | 穿燕尾服的人 | 穿燕尾服的男人,CLDR release-46 annotations
🤶,Mrs. Claus,圣诞奶奶,celebration | Christmas | claus | fairy | fantasy | holiday | merry | mother | Mrs | santa | tale | xmas,圣诞 | 圣诞奶奶 | 圣诞节 | 节日,CLDR release-46 annotations
🤷,person shrugging,耸肩,doubt | dunno | guess | idk | ignorance | indifference | knows | maybe | person | shrug | shrugging | whatever | who,不关心 | 不知道 | 人 | 天晓得 | 怀疑 | 我哪知 | 我猜的 | 无所谓 | 无视 | 耸肩,CLDR release-46 annotations
🤸,person cartwheeling,侧手翻,active | cartwheel | cartwheeling | excited | flip | gymnastics | happy | person | somersault,人 | 体操 | 体育 | 侧手翻 | 兴奋 | 快乐 | 杂技 | 活泼 | 翻筋斗,CLDR release-46 annotations
🤹,person juggling,抛接杂耍,act | balance | balancing | handle | juggle | juggling | manage | multitask | person | skill,一心多用 | 人 | 平衡 | 平衡艺术 | 抛接 | 抛接杂耍 | 抛接球 | 操纵 | 杂技 | 杂耍 | 表演,CLDR release-46 annotations
🤺,person fencing,击剑选手,fencer | fencing | person | sword,人 | 体育 | 击剑 | 击剑选手 | 剑,CLDR release-46 annotations
🤼,people wrestling,摔跤选手,combat | duel | grapple | people | ring | tournament | wrestle | wrestling,人 | 体育 | 对决 | 打架 | 搏斗 | 摔跤 | 摔跤比赛 | 摔跤选手 | 擂台争霸 | 运动,CLDR release-46 annotations
🤽,person playing water polo,水球,person | playing | polo | sport | swimming | water | waterpolo,人 | 体育 | 水上足球 | 水上运动 | 水球 | 游泳 | 马可波罗游戏,CLDR release-46 annotations
🤾,person playing handball,手球,athletics | ball | catch | chuck | handball | hurl | lob | person | pitch | playing | sport | throw | toss,人 | 体育 | 手球 | 投 | 投球 | 抛 | 接球 | 犯规投球 | 球 | 运动 | 高球,CLDR release-46 annotations
🤿,diving mask,潜水面罩,diving | mask | scuba | snorkeling,浮潜 | 深潜 | 潜水 | 潜水面罩,CLDR release-46 annotations
🥀,wilted flower,枯萎的花,dying | flower | wilted,凋谢 | 枯萎 | 枯萎的花 | 花,CLDR release-46 annotations
🥁,drum,鼓,drum | drumsticks | music,音乐 | 鼓 | 鼓声 | 鼓槌,CLDR release-46 annotations
🥂,clinking glasses,碰杯,celebrate | clink | clinking | drink | glass | glasses,喝 | 干杯 | 庆祝 | 杯 | 碰杯,CLDR release-46 annotations
🥃,tumbler glass,平底杯,glass | liquor | scotch | shot | tumbler | whiskey | whisky,一杯威士忌 | 威士忌 | 平底无脚杯 | 平底杯 | 杯 | 玻璃杯 | 酒 | 随行杯,CLDR release-46 annotations
🥄,spoon,匙,eat | spoon | tableware,勺 | 勺子 | 匙 | 匙子 | 汤匙 | 调羹 | 餐具,CLDR release-46 annotations
🥅,goal net,球门,goal | net,球网 | 球门,CLDR release-46 annotations
🥇,1st place medal,金牌,1st | first | gold | medal | place,奖牌 | 第一 | 第一名奖牌 | 金牌,CLDR release-46 annotations
🥈,2nd place medal,银牌,2nd | medal | place | second | silver,亚军 | 奖牌 | 第二 | 第二名奖牌 | 银牌,CLDR release-46 annotations
🥉,3rd place medal,铜牌,3rd | bronze | medal | place | third,奖牌 | 季军 | 第三 | 第三名奖牌 | 铜牌,CLDR release-46 annotations
🥊,boxing glove,拳击手套,boxing | glove,手套 | 拳击 | 拳击手套,CLDR release-46 annotations
🥋,martial arts uniform,练武服,arts | judo | karate | martial | taekwondo | uniform,制服 | 柔道 | 武术 | 空手道 | 练武服 | 跆拳道,CLDR release-46 annotations
🥌,curling stone,冰壶,curling | game | rock | stone,冰上溜石 | 冰壶 | 比赛 | 游戏 | 石壶,CLDR release-46 annotations
🥍,lacrosse,袋棍球,ball | goal | lacrosse | sports | stick,得分 | 球 | 球棍 | 球门 | 袋棍球 | 运动 | 长曲棍球,CLDR release-46 annotations
🥎,softball,垒球,ball | glove | softball | sports | underarm,垒球 | 手套 | 球 | 腋下 | 运动,CLDR release-46 annotations
🥏,flying disc,飞盘,disc | flying | ultimate,圆盘 | 极限 | 极限运动 | 终极 | 飞盘,CLDR release-46 annotations
🥐,croissant,羊角面包,bread | breakfast | crescent | croissant | food | french | roll,新月形面包 | 法式 | 牛角面包 | 羊角面包 | 面包 | 食物,CLDR release-46 annotations
🥑,avocado,鳄梨,avocado | food | fruit,水果 | 牛油果 | 酪梨 | 食物 | 鳄梨 | 黄油果,CLDR release-46 annotations
🥒,cucumber,黄瓜,cucumber | food | pickle | vegetable,泡菜 | 腌菜 | 蔬菜 | 食物 | 黄瓜,CLDR release-46 annotations
🥓,bacon,培根,bacon | breakfast | food | meat,培根 | 烟肉 | 熏肉 | 肉 | 背肯 | 食物,CLDR release-46 annotations
🥔,potato,土豆,food | potato | vegetable,土豆 | 蔬菜 | 食物 | 马铃薯,CLDR release-46 annotations
🥕,carrot,胡萝卜,carrot | food | vegetable,胡萝卜 | 蔬菜 | 食物,CLDR release-46 annotations
🥖,baguette bread,法式长棍面包,baguette | bread | food | french,法式 | 法式长条面包 | 法式长棍面包 | 面包 | 食物,CLDR release-46 annotations
🥗,green salad,绿色沙拉,food | green | salad,沙拉 | 绿色沙拉 | 绿色蔬菜 | 食物,CLDR release-46 annotations
🥘,shallow pan of food,装有食物的浅底锅,casserole | food | paella | pan | shallow,平底锅 | 浅底 | 炖菜 | 炖锅 | 煎锅 | 装有食物的浅底锅 | 西班牙海鲜饭 | 食物,CLDR release-46 annotations
🥙,stuffed flatbread,夹心饼,falafel | flatbread | food | gyro | kebab | stuffed,大饼 | 夹心 | 夹心饼 | 沙拉三明治 | 炸豆丸子 | 烤肉串 | 肉夹馍 | 食物,CLDR release-46 annotations
🥚,egg,蛋,breakfast | egg | food,蛋 | 食物,CLDR release-46 annotations
🥛,glass of milk,一杯奶,drink | glass | milk,一杯奶 | 喝 | 奶 | 杯 | 牛奶,CLDR release-46 annotations
🥜,peanuts,花生,food | nut | peanut | peanuts | vegetable,坚果 | 花生 | 蔬菜 | 食物,CLDR release-46 annotations
🥝,kiwi fruit,猕猴桃,food | fruit | kiwi,奇异果 | 水果 | 猕猴桃 | 食物,CLDR release-46 annotations
🥞,pancakes,烙饼,breakfast | crêpe | food | hotcake | pancake | pancakes,烙饼 | 煎饼 | 薄煎饼 | 薄饼 | 食物,CLDR release-46 annotations
🥟,dumpling,饺子,dumpling | empanada | gyōza | jiaozi | pierogi | potsticker,恩潘纳达 | 水饺 | 波兰饺子 | 煎饺 | 饺子,CLDR release-46 annotations
🥠,fortune cookie,幸运饼干,cookie | fortune | prophecy,幸运饼干 | 签餅 | 算命 | 预言,CLDR release-46 annotations
🥡,takeout box,外卖盒,box | chopsticks | delivery | food | oyster | pail | takeout,中式外卖 | 外卖 | 外卖包装 | 外卖桶 | 外卖盒 | 外卖餐盒 | 牡蛎桶 | 盒饭 | 筷子 | 送餐 | 送餐服务,CLDR release-46 annotations
🥢,chopsticks,筷子,chopsticks | hashi | jeotgarak | kuaizi,筷子 | 箸,CLDR release-46 annotations
🥣,bowl with spoon,碗勺,bowl | breakfast | cereal | congee | oatmeal | porridge | spoon,早餐 | 燕麦 | 燕麦粥 | 碗中汤匙 | 碗勺 | 碗和汤匙 | 稀饭 | 粥 | 谷物,CLDR release-46 annotations
🥤,cup with straw,带吸管杯,cup | drink | juice | malt | soda | soft | straw | water,带吸管杯 | 带吸管的杯子 | 果汁 | 水 | 汽水 | 苏打 | 苏打饮料 | 软饮料 | 麦乳精饮料,CLDR release-46 annotations
🥥,coconut,椰子,coconut | colada | palm | piña,棕榈 | 椰子 | 菠萝椰子兰姆酒,CLDR release-46 annotations
🥦,broccoli,西兰花,broccoli | cabbage | wild,甘蓝 | 西兰花 | 野生卷心菜,CLDR release-46 annotations
🥧,pie,派,apple | filling | fruit | meat | pastry | pie | pumpkin | slice,一片派 | 南瓜派 | 水果派 | 油酥点心 | 派 | 糕点 | 肉排 | 苹果派 | 馅,CLDR release-46 annotations
🥨,pretzel,椒盐卷饼,convoluted | pretzel | twisted,弯曲 | 扭曲食品 | 椒盐卷饼 | 盘绕 | 缠绕 | 错综复杂,CLDR release-46 annotations
🥩,cut of meat,肉块,chop | cut | lambchop | meat | porkchop | red | steak,排骨 | 牛排 | 猪排 | 红肉 | 羊排 | 肉 | 肉块 | 肉排,CLDR release-46 annotations
🥪,sandwich,三明治,bread | sandwich,三明治 | 面包,CLDR release-46 annotations
🥫,canned food,罐头食品,can | canned | food,罐头 | 罐头食品,CLDR release-46 annotations
🥬,leafy green,绿叶蔬菜,bok | burgers | cabbage | choy | green | kale | leafy | lettuce | salad,卷心菜 | 圆白菜 | 小白菜 | 甘蓝 | 生菜 | 绿叶蔬菜 | 羽衣甘蓝 | 色拉 | 莴苣,CLDR release-46 annotations
🥭,mango,芒果,food | fruit | mango | tropical,水果 | 热带 | 芒果 | 食物,CLDR release-46 annotations
🥮,moon cake,月饼,autumn | cake | festival | moon | yuèbǐng,中秋节 | 月饼 | 秋 | 秋天 | 节日,CLDR release-46 annotations
🥯,bagel,面包圈,bagel | bakery | bread | breakfast | schmear,奶酪酱 | 早餐 | 烘烤食品 | 硬面包圈 | 贝果 | 面包 | 面包圈,CLDR release-46 annotations
🥰,smiling face with hearts,喜笑颜开,3 | adore | crush | face | heart | hearts | ily | love | romance | smile | smiling | you,三颗爱心的笑脸 | 喜笑颜开 | 心 | 我爱你 | 爱慕 | 相爱 | 笑脸 | 迷恋 | 陷入爱河,CLDR release-46 annotations
🥱,yawning face,打呵欠,bedtime | bored | face | goodnight | nap | night | sleep | sleepy | tired | whatever | yawn | yawning | zzz,呵欠 | 哈欠 | 困 | 困倦 | 夜里 | 打呵欠 | 打哈欠 | 打哈欠的脸 | 无聊 | 昏昏欲睡 | 晚安 | 疲倦 | 累,CLDR release-46 annotations
🥲,smiling face with tear,含泪的笑脸,face | glad | grateful | happy | joy | pain | proud | relieved | smile | smiley | smiling | tear | touched,含泪的笑脸 | 喜悦 | 喜极而泣 | 幸福 | 微笑 | 微笑的 | 感动 | 感动的 | 感恩的 | 感激 | 眼泪 | 笑中带泪 | 笑脸 | 自豪 | 苦中作乐 | 释怀的 | 骄傲的,CLDR release-46 annotations
🥳,partying face,聚会笑脸,bday | birthday | celebrate | celebration | excited | face | happy | hat | hooray | horn | party | partying,号角 | 喝彩 | 帽子 | 庆祝 | 派对 | 狂欢的脸 | 生日 | 聚会 | 聚会笑脸 | 脸 | 节日快乐,CLDR release-46 annotations
🥴,woozy face,头昏眼花,dizzy | drunk | eyes | face | intoxicated | mouth | tipsy | uneven | wavy | woozy,两眼不平 | 喝醉 | 嘴唇颤抖 | 头昏眼花 | 头晕目眩 | 头晕眼花 | 微醉 | 微醺 | 波浪嘴形 | 眩晕的脸 | 眼花 | 醉醺醺,CLDR release-46 annotations
🥵,hot face,脸发烧,dying | face | feverish | heat | hot | panting | red-faced | stroke | sweating | tongue,中暑 | 冒汗 | 出汗 | 发烧 | 发热 | 吐舌 | 心狂跳 | 热 | 脸发烧 | 脸红,CLDR release-46 annotations
🥶,cold face,冷脸,blue | blue-faced | cold | face | freezing | frostbite | icicles | subzero | teeth,冰柱 | 冷 | 冷冰冰 | 冷脸 | 冻 | 冻僵 | 满面寒霜 | 脸 | 脸色发青 | 蓝色 | 零下,CLDR release-46 annotations
🥷,ninja,忍者,assassin | fight | fighter | hidden | ninja | person | secret | skills | sly | soldier | stealth | war,人物 | 侠客 | 刺客 | 士兵 | 忍者 | 战斗 | 打斗 | 狡猾 | 秘密 | 隐藏 | 隐身,CLDR release-46 annotations
🥸,disguised face,伪装的脸,disguise | eyebrow | face | glasses | incognito | moustache | mustache | nose | person | spy | tache | tash,人物 | 伪装 | 伪装的脸 | 眉毛 | 眼镜 | 胡子 | 脸 | 间谍 | 隐瞒身份 | 鼻子,CLDR release-46 annotations
🥹,face holding back tears,忍住泪水,admiration | aww | back | cry | embarrassed | face | feelings | grateful | gratitude | holding | joy | please | proud | resist | sad | tears,哭泣 | 喜极而泣 | 尴尬 | 忍住泪水 | 悲伤 | 情绪 | 感激 | 感谢 | 抗拒 | 拜托 | 生气 | 自豪,CLDR release-46 annotations
🥺,pleading face,恳求的脸,begging | big | eyes | face | mercy | not | pleading | please | pretty | puppy | sad | why,可怜兮兮的眼神 | 大眼睛 | 小狗的脸 | 怜悯 | 恳求的脸 | 祈求 | 祈求的脸 | 脸 | 请求,CLDR release-46 annotations
🥻,sari,纱丽,clothing | dress | sari,印度 | 披肩 | 纱丽 | 莎丽 | 衣服 | 连衣裙,CLDR release-46 annotations
🥼,lab coat,白大褂,clothes | coat | doctor | dr | experiment | jacket | lab | scientist | white,医生 | 外衣 | 实验 | 实验人员 | 实验室白大褂 | 实验服 | 白大褂 | 白衣 | 科学家 | 衣服,CLDR release-46 annotations
🥽,goggles,护目镜,dive | eye | goggles | protection | scuba | swimming | welding,护目 | 护目镜 | 护眼 | 水肺 | 游泳 | 潜水 | 焊接,CLDR release-46 annotations
🥾,hiking boot,登山鞋,backpacking | boot | brown | camping | hiking | outdoors | shoe,健行 | 徒步 | 户外 | 登山 | 登山鞋 | 背包 | 远足野营 | 露营 | 靴子 | 鞋,CLDR release-46 annotations
🥿,flat shoe,平底鞋,ballet | comfy | flat | flats | shoe | slip-on | slipper,一脚蹬 | 便鞋 | 平底芭蕾舞鞋 | 平底鞋 | 芭蕾舞鞋,CLDR release-46 annotations
🦀,crab,蟹,Cancer | crab | zodiac,巨蟹座 | 螃蟹 | 蟹 | 黄道十二宫,CLDR release-46 annotations
🦁,lion,狮子,alpha | animal | face | Leo | lion | mane | order | rawr | roar | safari | strong | zodiac,狮子 | 狮子头 | 狮子座 | 脸 | 黄道十二宫,CLDR release-46 annotations
🦂,scorpion,蝎子,Scorpio | scorpion | Scorpius | zodiac,天蝎宫 | 天蝎座 | 蝎子 | 黄道十二宫,CLDR release-46 annotations
🦃,turkey,火鸡,bird | gobble | thanksgiving | turkey,感恩节 | 火鸡,CLDR release-46 annotations
🦄,unicorn,独角兽,face | unicorn,头 | 独角兽 | 独角兽头 | 脸,CLDR release-46 annotations
🦅,eagle,鹰,animal | bird | eagle | ornithology,老鹰 | 鸟 | 鹰,CLDR release-46 annotations
🦆,duck,鸭子,animal | bird | duck | ornithology,鸟 | 鸭 | 鸭子,CLDR release-46 annotations
🦇,bat,蝙蝠,animal | bat | vampire,吸血鬼 | 蝙蝠,CLDR release-46 annotations
🦈,shark,鲨鱼,animal | fish | shark,鱼 | 鲨 | 鲨鱼,CLDR release-46 annotations
🦉,owl,猫头鹰,animal | bird | ornithology | owl | wise,猫头鹰 | 睿智 | 鸟,CLDR release-46 annotations
🦊,fox,狐狸,animal | face | fox,动物 | 头 | 狐狸 | 狐狸的脸 | 脸,CLDR release-46 annotations
🦋,butterfly,蝴蝶,butterfly | insect | pretty,昆虫 | 漂亮 | 美丽 | 蝴蝶,CLDR release-46 annotations
🦌,deer,鹿,animal | deer,动物 | 鹿,CLDR release-46 annotations
🦍,gorilla,大猩猩,animal | gorilla,动物 | 大猩猩,CLDR release-46 annotations
🦎,lizard,蜥蜴,animal | lizard | reptile,爬行动物 | 蜥蜴,CLDR release-46 annotations
🦏,rhinoceros,犀牛,animal | rhinoceros,动物 | 犀牛,CLDR release-46 annotations
🦐,shrimp,虾,food | shellfish | shrimp | small,甲壳 | 虾 | 贝类水产 | 食物,CLDR release-46 annotations
🦑,squid,乌贼,animal | food | mollusk | squid,乌贼 | 软体动物 | 食物 | 鱿鱼 | 墨鱼,CLDR release-46 annotations
🦒,giraffe,长颈鹿,animal | giraffe | spots,斑点 | 长颈鹿,CLDR release-46 annotations
🦓,zebra,斑马,animal | stripe | zebra,斑马 | 条纹,CLDR release-46 annotations
🦔,hedgehog,刺猬,animal | hedgehog | spiny,刺猬 | 多刺,CLDR release-46 annotations
🦕,sauropod,蜥蜴类,brachiosaurus | brontosaurus | dinosaur | diplodocus | sauropod,万龙属 | 恐龙 | 梁龙 | 腕龙 | 蜥蜴类 | 雷龙,CLDR release-46 annotations
🦖,T-Rex,霸王龙,dinosaur | Rex | T | T-Rex | Tyrannosaurus,恐龙 | 暴龙 | 暴龙君主 | 霸王龙,CLDR release-46 annotations
🦗,cricket,蟋蟀,animal | bug | cricket | grasshopper | insect | Orthoptera,昆虫 | 蚱蜢 | 蛐蛐 | 蟋蟀,CLDR release-46 annotations
🦘,kangaroo,袋鼠,animal | joey | jump | kangaroo | marsupial,动物 | 小袋鼠 | 有袋目动物 | 有袋类动物 | 澳洲 | 袋鼠 | 跳 | 跳跃,CLDR release-46 annotations
🦙,llama,美洲鸵,alpaca | animal | guanaco | llama | vicuña | wool,动物 | 原驼 | 小羊驼 | 无峰驼 | 羊毛 | 羊驼 | 美洲鸵 | 骆马,CLDR release-46 annotations
🦚,peacock,孔雀,animal | bird | colorful | ornithology | ostentatious | peacock | peahen | pretty | proud,卖弄 | 孔雀 | 招摇 | 色彩缤纷 | 雌孔雀 | 骄傲 | 鸟,CLDR release-46 annotations
🦛,hippopotamus,河马,animal | hippo | hippopotamus,动物 | 河马,CLDR release-46 annotations
🦜,parrot,鹦鹉,animal | bird | ornithology | parrot | pirate | talk,剽窃 | 模仿 | 说话 | 鸟 | 鹦鹉,CLDR release-46 annotations
🦝,raccoon,浣熊,animal | curious | raccoon | sly,动物 | 好奇 | 浣熊 | 淘气 | 狡猾,CLDR release-46 annotations
🦞,lobster,龙虾,animal | bisque | claws | lobster | seafood,浓汤 | 海鲜 | 红龙虾 | 贝类浓汤 | 钳 | 鳌 | 龙虾,CLDR release-46 annotations
🦟,mosquito,蚊子,bite | disease | fever | insect | malaria | mosquito | pest | virus,发烧 | 发热 | 昆虫 | 疟疾 | 疾病 | 病 | 病毒 | 蚊子,CLDR release-46 annotations
🦠,microbe,细菌,amoeba | bacteria | microbe | science | virus,变形虫 | 病毒 | 科学 | 细菌 | 阿米巴,CLDR release-46 annotations
🦡,badger,獾,animal | badger | honey | pester,动物 | 打扰 | 獾 | 纠缠 | 蜜獾,CLDR release-46 annotations
🦢,swan,天鹅,animal | bird | cygnet | duckling | ornithology | swan | ugly,丑小鸭 | 动物 | 天鹅 | 小天鹅 | 鸟,CLDR release-46 annotations
🦣,mammoth,猛犸,animal | extinction | large | mammoth | tusk | wooly,动物 | 大型 | 有绒毛的 | 灭绝 | 猛犸 | 猛犸象 | 长毛象 | 长牙,CLDR release-46 annotations
🦤,dodo,渡渡鸟,animal | bird | dodo | extinction | large | ornithology,动物 | 渡渡鸟 | 灭绝 | 鸟,CLDR release-46 annotations
🦥,sloth,树懒,lazy | sloth | slow,慢 | 懒 | 树懒 | 爬树 | 迟缓,CLDR release-46 annotations
🦦,otter,水獭,animal | fishing | otter | playful,动物 | 好玩 | 捕鱼 | 水獭 | 爱开玩笑 | 獭 | 鼬,CLDR release-46 annotations
🦧,orangutan,红毛猩猩,animal | ape | monkey | orangutan,动物 | 猩猩 | 猴 | 猴子 | 猿 | 红毛猩猩,CLDR release-46 annotations
🦨,skunk,臭鼬,animal | skunk | stink,熏 | 臭 | 臭鼬 | 鼬,CLDR release-46 annotations
🦩,flamingo,火烈鸟,animal | bird | flamboyant | flamingo | ornithology | tropical,华丽 | 火烈鸟 | 热带 | 红鹳 | 艳丽,CLDR release-46 annotations
🦪,oyster,牡蛎,diving | oyster | pearl,海鲜 | 牡蛎 | 珍珠 | 生蚝,CLDR release-46 annotations
🦫,beaver,海狸,animal | beaver | dam | teeth,动物 | 大板牙 | 母畜 | 海狸,CLDR release-46 annotations
🦬,bison,大野牛,animal | bison | buffalo | herd | wisent,动物 | 大野牛 | 欧洲野牛 | 水牛 | 牛 | 牦牛 | 畜群 | 野牛,CLDR release-46 annotations
🦭,seal,海豹,animal | lion | ocean | sea | seal,动物 | 海洋 | 海狮 | 海豹,CLDR release-46 annotations
🦮,guide dog,导盲犬,accessibility | animal | blind | dog | guide,导盲犬 | 指引 | 无障碍 | 盲 | 盲人,CLDR release-46 annotations
🦯,white cane,盲杖,accessibility | blind | cane | probing | white,拐杖 | 无障碍 | 盲 | 盲人 | 盲杖,CLDR release-46 annotations
🦰,red hair,红发,ginger | hair | red | redhead,姜黄色 | 红发,CLDR release-46 annotations
🦱,curly hair,卷发,afro | curly | hair | ringlets,卷发 | 蓬松发 | 鬈发,CLDR release-46 annotations
🦲,bald,秃顶,bald | chemotherapy | hair | hairless | no | shaven,光头 | 化疗 | 秃顶,CLDR release-46 annotations
🦳,white hair,白发,gray | hair | old | white,头发 | 年老 | 灰色 | 白发 | 白色,CLDR release-46 annotations
🦴,bone,骨头,bone | bones | dog | skeleton | wishbone,叉骨 | 狗 | 骨头 | 骨骼,CLDR release-46 annotations
🦵,leg,腿,bent | foot | kick | knee | leg | limb,弯腿 | 肢体 | 脚 | 腿 | 跛行 | 踢,CLDR release-46 annotations
🦶,foot,脚,ankle | feet | foot | kick | stomp,脚 | 足踝 | 踏 | 踝 | 踢 | 踩 | 踱,CLDR release-46 annotations
🦷,tooth,牙齿,dentist | pearly | teeth | tooth | white,牙医 | 牙科医生 | 牙齿 | 珍珠色 | 白色,CLDR release-46 annotations
🦸,superhero,超级英雄,good | hero | superhero | superpower,女英雄 | 女超人 | 好人 | 英雄 | 蝙蝠侠 | 超人 | 超级英雄 | 超能力,CLDR release-46 annotations
🦹,supervillain,超级大坏蛋,bad | criminal | evil | superpower | supervillain | villain,人 | 坏蛋 | 大反派 | 恶魔 | 罪犯 | 超级大坏蛋 | 超级恶棍 | 超能力 | 邪恶,CLDR release-46 annotations
🦺,safety vest,救生衣,emergency | safety | vest,安全 | 救生衣 | 紧急 | 背心 | 逃生,CLDR release-46 annotations
🦻,ear with hearing aid,戴助听器的耳朵,accessibility | aid | ear | hard | hearing,助听器 | 听力障碍 | 听障 | 失聪 | 戴助听器的耳朵 | 无障碍 | 耳聋 | 聋,CLDR release-46 annotations
🦼,motorized wheelchair,电动轮椅,accessibility | motorized | wheelchair,无障碍 | 电动轮椅 | 轮椅,CLDR release-46 annotations
🦽,manual wheelchair,手动轮椅,accessibility | manual | wheelchair,手动轮椅 | 无障碍 | 轮椅,CLDR release-46 annotations
🦾,mechanical arm,机械手臂,accessibility | arm | mechanical | prosthetic,义肢 | 手臂 | 无障碍 | 机械手臂,CLDR release-46 annotations
🦿,mechanical leg,机械腿,accessibility | leg | mechanical | prosthetic,义肢 | 无障碍 | 机械腿 | 腿,CLDR release-46 annotations
🧀,cheese wedge,芝士,cheese | wedge,奶酪 | 芝士 | 起司,CLDR release-46 annotations
🧁,cupcake,纸杯蛋糕,bakery | cupcake | dessert | sprinkles | sugar | sweet | treat,烘焙食品 | 甜点 | 纸杯蛋糕 | 请客 | 面包店,CLDR release-46 annotations
🧂,salt,盐,condiment | flavor | mad | salt | salty | shaker | taste | upset,佐料瓶 | 味道 | 咸 | 火大 | 盐 | 调味品 | 调味料,CLDR release-46 annotations
🧃,beverage box,饮料盒,beverage | box | juice | straw | sweet,吸管 | 果汁 | 果汁盒 | 甜味 | 盒装 | 饮料盒,CLDR release-46 annotations
🧄,garlic,蒜,flavoring | garlic,佐料 | 大蒜 | 蒜 | 蒜头 | 调味,CLDR release-46 annotations
🧅,onion,洋葱,flavoring | onion,佐料 | 洋葱 | 调味,CLDR release-46 annotations
🧆,falafel,炸豆丸子,chickpea | falafel | meatball,中东蔬菜球 | 油炸鹰嘴豆饼 | 炸豆丸子 | 肉丸 | 鹰嘴豆,CLDR release-46 annotations
🧇,waffle,华夫饼,breakfast | indecisive | iron | waffle,华夫饼 | 松饼 | 格子饼 | 点心 | 烤 | 甜点 | 窝夫饼,CLDR release-46 annotations
🧈,butter,黄油,butter | dairy,乳制品 | 牛奶 | 黄油,CLDR release-46 annotations
🧉,mate,马黛茶,drink | mate,茶 | 饮料 | 马黛茶,CLDR release-46 annotations
🧊,ice,冰块,cold | cube | ice | iceberg,冰 | 冰冷 | 冰块 | 冰山 | 冷 | 冷却 | 冷饮,CLDR release-46 annotations
🧋,bubble tea,珍珠奶茶,boba | bubble | food | milk | pearl | tea,奶茶 | 泡泡 | 牛奶 | 珍珠 | 珍珠奶茶 | 茶 | 茶饮 | 饮料,CLDR release-46 annotations
🧌,troll,穴居巨怪,fairy | fantasy | monster | tale | troll | trolling,幻想 | 怪兽 | 怪物 | 神话故事 | 穴居巨怪,CLDR release-46 annotations
🧍,person standing,站立者,person | stand | standing,人物 | 站着 | 站着的人 | 站立 | 站立者,CLDR release-46 annotations
🧎,person kneeling,下跪者,kneel | kneeling | knees | person,下跪 | 下跪者 | 跪下 | 跪坐,CLDR release-46 annotations
🧏,deaf person,失聪者,accessibility | deaf | ear | gesture | hear | person,听力 | 听力障碍 | 听障 | 失聪者 | 无障碍 | 耳朵 | 耳聋 | 聋,CLDR release-46 annotations
🧐,face with monocle,带单片眼镜的脸,classy | face | fancy | monocle | rich | stuffy | wealthy,单眼镜 | 古板 | 奢华 | 富有 | 带单片眼镜的脸 | 戴单眼镜的脸,CLDR release-46 annotations
🧑,person,成人,adult | person,中性 | 性别中立 | 性格不明 | 成人,CLDR release-46 annotations
🧒,child,儿童,bright-eyed | child | grandchild | kid | young | younger,中性 | 儿童 | 小孩 | 年轻人 | 性别不明 | 性别中立,CLDR release-46 annotations
🧓,older person,老年人,adult | elderly | grandparent | old | person | wise,中性 | 性别不明 | 性别中性 | 成人 | 熟龄 | 老人 | 老年人 | 老男人 | 老龄,CLDR release-46 annotations
🧔,person: beard,有胡子的人,beard | bearded | person | whiskers,人 | 大胡子 | 有胡子的人 | 男 | 络腮胡 | 胡子 | 胡须 | 腮帮子 | 连鬓胡子,CLDR release-46 annotations
🧕,woman with headscarf,带头饰的女人,bandana | head | headscarf | hijab | kerchief | mantilla | tichel | woman,头巾 | 希贾布 | 带头饰的女人 | 戴头巾的女人,CLDR release-46 annotations
🧖,person in steamy room,蒸房里的人,day | luxurious | pamper | person | relax | room | sauna | spa | steam | steambath | unwind,在桑拿间的人 | 放松 | 桑拿 | 桑拿浴 | 蒸房 | 蒸房里的人 | 蒸气漫溢 | 蒸汽浴,CLDR release-46 annotations
🧗,person climbing,攀爬的人,climb | climber | climbing | mountain | person | rock | scale | up,向上爬的人 | 攀岩 | 攀岩者 | 攀爬的人 | 爬山 | 登山 | 登山者,CLDR release-46 annotations
🧘,person in lotus position,盘腿的人,cross | legged | legs | lotus | meditation | peace | person | position | relax | serenity | yoga | yogi | zen,冥想 | 放松 | 沉思 | 瑜伽 | 盘腿的人 | 盘腿而坐 | 禅 | 莲花坐的人,CLDR release-46 annotations
🧙,mage,法师,fantasy | mage | magic | play | sorcerer | sorceress | sorcery | spell | summon | witch | wizard,召唤 | 女巫 | 女魔术师 | 巫师 | 智者 | 法师 | 法术 | 男巫 | 男魔术师 | 魔咒 | 魔术师,CLDR release-46 annotations
🧚,fairy,精灵,fairy | fairytale | fantasy | myth | person | pixie | tale | wings,仙女 | 仙子 | 童话 | 精灵 | 翅膀,CLDR release-46 annotations
🧛,vampire,吸血鬼,blood | Dracula | fangs | halloween | scary | supernatural | teeth | undead | vampire,万圣节 | 不死族 | 利牙 | 吸血鬼 | 恐怖 | 毒牙 | 装扮服装 | 超自然,CLDR release-46 annotations
🧜,merperson,人鱼,creature | fairytale | folklore | merperson | ocean | sea | siren | trident,三叉戟 | 人鱼 | 女人鱼 | 民间传说 | 海妖 | 海底 | 海洋生物 | 男人鱼 | 童话 | 美人鱼,CLDR release-46 annotations
🧝,elf,小精灵,elf | elves | enchantment | fantasy | folklore | magic | magical | myth,小精灵 | 神秘 | 精灵 | 魔幻 | 魔法,CLDR release-46 annotations
🧞,genie,妖怪,djinn | fantasy | genie | jinn | lamp | myth | rub | wishes,奇幻 | 妖怪 | 愿望 | 擦拭神灯 | 杰尼 | 灯神 | 神灵 | 神秘 | 神话 | 精灵 | 镇尼,CLDR release-46 annotations
🧟,zombie,僵尸,apocalypse | dead | halloween | horror | scary | undead | walking | zombie,万圣节 | 不死族 | 僵尸 | 半死不活 | 吓人 | 行尸走肉,CLDR release-46 annotations
🧠,brain,脑,brain | intelligent | smart,大脑 | 头脑 | 智慧 | 智能 | 聪明 | 脑,CLDR release-46 annotations
🧡,orange heart,橙心,143 | heart | orange,橘心 | 橘色 | 橘色的心 | 橙 | 橙心,CLDR release-46 annotations
🧢,billed cap,鸭舌帽,baseball | bent | billed | cap | dad | hat,帽子 | 棒球帽 | 鸭舌帽,CLDR release-46 annotations
🧣,scarf,围巾,bundle | cold | neck | scarf | up,冷 | 包紧 | 围巾 | 围脖 | 头巾,CLDR release-46 annotations
🧤,gloves,手套,gloves | hand,手 | 手套,CLDR release-46 annotations
🧥,coat,外套,brr | bundle | coat | cold | jacket | up,冷 | 外套 | 夹克 | 超冷,CLDR release-46 annotations
🧦,socks,袜子,socks | stocking,短袜 | 袜 | 袜子 | 长袜,CLDR release-46 annotations
🧧,red envelope,红包,envelope | gift | good | hóngbāo | lai | luck | money | red | see,利事 | 利是 | 好运 | 礼物 | 红信封 | 红包 | 运气 | 钱,CLDR release-46 annotations
🧨,firecracker,爆竹,dynamite | explosive | fire | firecracker | fireworks | light | pop | popping | spark,光亮 | 火花 | 炸药 | 烟火 | 烟花 | 爆炸 | 爆竹 | 鞭炮,CLDR release-46 annotations
🧩,puzzle piece,拼图,clue | interlocking | jigsaw | piece | puzzle,图片 | 拼图 | 智力游戏 | 相扣 | 线索 | 联锁 | 部件,CLDR release-46 annotations
🧪,test tube,试管,chemist | chemistry | experiment | lab | science | test | tube,化学 | 化学家 | 实验 | 实验室 | 科学 | 试管,CLDR release-46 annotations
🧫,petri dish,培养皿,bacteria | biologist | biology | culture | dish | lab | petri,培养 | 培养皿 | 实验室 | 生物学 | 生物学家 | 细菌,CLDR release-46 annotations
🧬,dna,DNA,biologist | dna | evolution | gene | genetics | life,DNA | 基因 | 演化 | 生命 | 生物学家 | 进化 | 遗传学,CLDR release-46 annotations
🧭,compass,指南针,compass | direction | magnetic | navigation | orienteering,定向 | 导航 | 指南针 | 方向 | 磁性 | 罗盘,CLDR release-46 annotations
🧮,abacus,算盘,abacus | calculation | calculator,算盘 | 计算 | 计算器,CLDR release-46 annotations
🧯,fire extinguisher,灭火器,extinguish | extinguisher | fire | quench,压制 | 火灾 | 灭火 | 灭火器 | 熄灭,CLDR release-46 annotations
🧰,toolbox,工具箱,box | chest | mechanic | red | tool | toolbox,大箱子 | 工具 | 工具箱 | 机修 | 箱子 | 红盒子,CLDR release-46 annotations
🧱,brick,砖,brick | bricks | clay | mortar | wall,墙 | 砂浆 | 砖 | 黏土,CLDR release-46 annotations
🧲,magnet,磁铁,attraction | horseshoe | magnet | magnetic | negative | positive | shape | u,U 型 | 吸引 | 吸引力 | 正负 | 磁性 | 磁铁 | 马蹄铁,CLDR release-46 annotations
🧳,luggage,行李箱,bag | luggage | packing | roller | suitcase | travel,包装 | 手提箱 | 旅行 | 滚轮提箱 | 行李 | 行李箱,CLDR release-46 annotations
🧴,lotion bottle,乳液瓶,bottle | lotion | moisturizer | shampoo | sunscreen,乳液 | 乳液瓶 | 保湿乳液 | 护肤霜 | 洗剂瓶 | 洗发水 | 洗发露 | 防嗮霜 | 防晒霜,CLDR release-46 annotations
🧵,thread,线,needle | sewing | spool | string | thread,卷盘 | 线 | 线轴 | 绳子 | 缝纫 | 针 | 针线,CLDR release-46 annotations
🧶,yarn,毛线,ball | crochet | knit | yarn,毛线 | 毛线球 | 线球 | 编织 | 钩针编织,CLDR release-46 annotations
🧷,safety pin,安全别针,diaper | pin | punk | rock | safety,别针 | 安全别针 | 扣针,CLDR release-46 annotations
🧸,teddy bear,泰迪熊,bear | plaything | plush | stuffed | teddy | toy,填充 | 毛绒玩具 | 泰迪熊 | 熊 | 玩偶 | 玩具 | 玩物 | 长毛绒,CLDR release-46 annotations
🧹,broom,扫帚,broom | cleaning | sweeping | witch,女巫 | 巫婆 | 打扫 | 扫地 | 扫帚 | 清洁,CLDR release-46 annotations
🧺,basket,筐,basket | farming | laundry | picnic,农作 | 洗衣 | 种植 | 筐 | 篮子 | 脏衣篮 | 野餐,CLDR release-46 annotations
🧻,roll of paper,卷纸,paper | roll | toilet | towels,卫生纸 | 卷纸 | 手纸 | 纸卷 | 纸巾,CLDR release-46 annotations
🧼,soap,皂,bar | bathing | clean | cleaning | lather | soap | soapdish,杀菌 | 泡沫 | 洗手 | 洗澡 | 清洁 | 皂 | 肥皂 | 肥皂泡 | 肥皂盒 | 肥皂盘,CLDR release-46 annotations
🧽,sponge,海绵,absorbing | cleaning | porous | soak | sponge,吸收 | 吸水 | 多孔 | 海绵 | 浸泡 | 清洁 | 渗透,CLDR release-46 annotations
🧾,receipt,收据,accounting | bookkeeping | evidence | invoice | proof | receipt,会计 | 信封 | 凭据 | 发票 | 收据 | 收条 | 簿记 | 记账 | 证据 | 证明 | 账单,CLDR release-46 annotations
🧿,nazar amulet,纳扎尔护身符,amulet | bead | blue | charm | evil-eye | nazar | talisman,小装饰品 | 恶魔之眼 | 护身符 | 珠子 | 符咒 | 纳扎尔 | 纳扎尔护身符 | 蓝色 | 邪眼,CLDR release-46 annotations
🩰,ballet shoes,芭蕾舞鞋,ballet | dance | shoes,舞蹈 | 舞鞋 | 芭蕾舞鞋 | 足尖鞋 | 跳舞,CLDR release-46 annotations
🩱,one-piece swimsuit,连体泳衣,bathing | one-piece | suit | swimsuit,一片式 | 泳衣 | 泳装 | 游泳 | 连体泳衣 | 连身泳衣,CLDR release-46 annotations
🩲,briefs,三角裤,bathing | briefs | one-piece | suit | swimsuit | underwear,一片式 | 三角裤 | 内裤 | 泳衣 | 泳装 | 短裤,CLDR release-46 annotations
🩳,shorts,短裤,bathing | pants | shorts | suit | swimsuit | underwear,内裤 | 四角裤 | 泳衣 | 泳装 | 泳裤 | 短裤 | 裤子,CLDR release-46 annotations
🩴,thong sandal,夹趾凉鞋,beach | flip | flop | sandal | sandals | shoe | thong | thongs | zōri,人字拖 | 凉鞋 | 夹趾凉鞋 | 沙滩 | 沙滩凉鞋 | 草屡 | 鞋,CLDR release-46 annotations
🩵,light blue heart,浅蓝色的心,143 | blue | cute | cyan | emotion | heart | ily | light | like | love | sky | special | teal,可爱 | 喜欢 | 天蓝 | 心 | 感情 | 我爱你 | 浅蓝 | 浅蓝色的心 | 爱 | 特殊 | 蓝绿 | 蓝绿色 | 青色,CLDR release-46 annotations
🩶,grey heart,灰心,143 | emotion | gray | grey | heart | ily | love | silver | slate | special,心 | 感情 | 我爱你 | 暗灰 | 灰 | 灰心 | 灰色 | 爱 | 特殊 | 银 | 银色,CLDR release-46 annotations
🩷,pink heart,粉红色的心,143 | adorable | cute | emotion | heart | ily | like | love | pink | special | sweet,可爱 | 喜欢 | 心 | 感情 | 我爱你 | 爱 | 特殊 | 甜蜜 | 粉红 | 粉红色的心 | 讨人喜欢,CLDR release-46 annotations
🩸,drop of blood,血滴,bleed | blood | donation | drop | injury | medicine | menstruation,医疗 | 月经 | 流血 | 献血 | 经血 | 血滴 | 输血,CLDR release-46 annotations
🩹,adhesive bandage,创可贴,adhesive | bandage,OK绷 | 伤口 | 创可贴 | 受伤 | 绷带 | 胶布,CLDR release-46 annotations
🩺,stethoscope,听诊器,doctor | heart | medicine | stethoscope,医生 | 医疗 | 听诊器 | 心脏 | 心跳 | 诊断,CLDR release-46 annotations
🩻,x-ray,X射线,bones | doctor | medical | skeleton | skull | x-ray | xray,X 射线 | X射线 | 医生 | 医疗 | 骨架 | 骨骼,CLDR release-46 annotations
🩼,crutch,拐杖,aid | cane | crutch | disability | help | hurt | injured | mobility | stick,受伤 | 手杖 | 拐杖 | 残疾 | 活动助行类辅具 | 辅助,CLDR release-46 annotations
🪀,yo-yo,悠悠球,fluctuate | toy | yo-yo,上下起落 | 悠悠球 | 溜溜球 | 犹豫不决 | 玩具,CLDR release-46 annotations
🪁,kite,风筝,fly | kite | soar,翱翔 | 风筝 | 飞翔,CLDR release-46 annotations
🪂,parachute,降落伞,hang-glide | parachute | parasail | skydive,帆伞 | 悬挂滑翔 | 滑翔 | 滑翔伞 | 跳伞 | 降落伞,CLDR release-46 annotations
🪃,boomerang,回旋镖,boomerang | rebound | repercussion | weapon,反弹 | 回弹 | 回旋镖 | 土著 | 武器 | 飞镖,CLDR release-46 annotations
🪄,magic wand,魔棒,magic | magician | wand | witch | wizard,女巫 | 巫师 | 魔术 | 魔术师 | 魔杖 | 魔棒 | 魔法,CLDR release-46 annotations
🪅,piñata,彩罐,candy | celebrate | celebration | cinco | de | festive | mayo | party | pinada | pinata | piñata,五月节 | 庆祝 | 彩罐 | 皮纳塔 | 糖果 | 聚会 | 节日 | 墨西哥,CLDR release-46 annotations
🪆,nesting dolls,套娃,babooshka | baboushka | babushka | doll | dolls | matryoshka | nesting | russia,俄罗斯套娃 | 俄罗斯娃娃 | 套娃 | 娃娃,CLDR release-46 annotations
🪇,maracas,沙球,cha | dance | instrument | maracas | music | party | percussion | rattle | shake | shaker,乐器 | 恰恰 | 打击乐器 | 拨浪鼓 | 摇 | 摇动 | 沙槌 | 沙球 | 沙铃 | 派对 | 舞蹈 | 音乐,CLDR release-46 annotations
🪈,flute,长笛,band | fife | flautist | flute | instrument | marching | music | orchestra | piccolo | pipe | recorder | woodwind,乐器 | 乐队 | 木管乐器 | 横笛 | 短笛 | 竖笛 | 管乐器 | 菲菲笛 | 长笛 | 长笛手 | 音乐,CLDR release-46 annotations
🪉,harp,竖琴,cupid | harp | instrument | love | music | orchestra,丘比特 | 乐器 | 爱 | 竖琴 | 管弦乐队 | 音乐,CLDR release-46 annotations
🪏,shovel,铲,bury | dig | garden | hole | plant | scoop | shovel | snow | spade,埋 | 挖 | 掘 | 洞 | 种植 | 花园 | 铲 | 锹 | 雪,CLDR release-46 annotations
🪐,ringed planet,有环行星,planet | ringed | saturn | saturnine,土星 | 有环行星 | 行星,CLDR release-46 annotations
🪑,chair,椅子,chair | seat | sit,坐 | 坐下 | 座位 | 椅子 | 椅背,CLDR release-46 annotations
🪒,razor,剃须刀,razor | sharp | shave,刀 | 刮 | 刮刀 | 剃刀 | 剃须刀 | 毛 | 胡子 | 锋利,CLDR release-46 annotations
🪓,axe,斧头,ax | axe | chop | hatchet | split | wood,切 | 劈 | 斧头 | 木头 | 砍,CLDR release-46 annotations
🪔,diya lamp,印度油灯,diya | lamp | light | oil,印度油灯 | 排灯节 | 油 | 灯 | 迪亚,CLDR release-46 annotations
🪕,banjo,班卓琴,banjo | music | stringed,弦乐器 | 弹奏 | 班卓琴 | 音乐,CLDR release-46 annotations
🪖,military helmet,军用头盔,army | helmet | military | soldier | war | warrior,军事 | 军用 | 军用头盔 | 军队 | 士兵 | 头盔 | 战争 | 战士 | 部队,CLDR release-46 annotations
🪗,accordion,手风琴,accordion | box | concertina | instrument | music | squeeze | squeezebox,乐器 | 六角形风琴 | 手风琴 | 音乐 | 风琴,CLDR release-46 annotations
🪘,long drum,长鼓,beat | conga | drum | instrument | long | rhythm,乐器 | 康加鼓 | 康茄鼓 | 敲 | 节奏 | 长鼓 | 非洲手鼓 | 鼓,CLDR release-46 annotations
🪙,coin,硬币,coin | dollar | euro | gold | metal | money | rich | silver | treasure,富有 | 欧元 | 硬币 | 美元 | 财富 | 金 | 金属 | 金币 | 钱 | 银,CLDR release-46 annotations
🪚,carpentry saw,木工锯,carpenter | carpentry | cut | lumber | saw | tool | trim,修剪 | 工具 | 木匠 | 木工锯 | 木材 | 锯 | 锯子,CLDR release-46 annotations
🪛,screwdriver,螺丝刀,flathead | handy | screw | screwdriver | tool,工具 | 螺丝 | 螺丝刀,CLDR release-46 annotations
🪜,ladder,梯子,climb | ladder | rung | step,台阶 | 梯子 | 梯级 | 横档 | 爬 | 爬梯 | 阶梯,CLDR release-46 annotations
🪝,hook,挂钩,catch | crook | curve | ensnare | hook | point | selling,卖点 | 弯钩 | 抓 | 挂钩 | 曲线 | 钩子 | 钩状物 | 鱼钩,CLDR release-46 annotations
🪞,mirror,镜子,makeup | mirror | reflection | reflector | speculum,化妆 | 反射 | 反射镜 | 窥镜 | 镜子,CLDR release-46 annotations
🪟,window,窗户,air | frame | fresh | opening | transparent | view | window,开窗 | 新鲜空气 | 景色 | 窗口 | 窗户 | 窗框 | 透明,CLDR release-46 annotations
🪠,plunger,活塞,cup | force | plumber | plunger | poop | suction | toilet,便便 | 吸力 | 搋子 | 水管工 | 活塞 | 通厕所 | 马桶,CLDR release-46 annotations
🪡,sewing needle,缝合针,embroidery | needle | sew | sewing | stitches | sutures | tailoring | thread,线 | 绣花针 | 缝合 | 缝合针 | 缝纫 | 缝线 | 缝衣针 | 裁剪 | 针,CLDR release-46 annotations
🪢,knot,结,cord | knot | rope | tangled | tie | twine | twist,八字结 | 打结 | 结 | 绳子 | 绳扣 | 绳结 | 缠结 | 麻线,CLDR release-46 annotations
🪣,bucket,桶,bucket | cask | pail | vat,大桶 | 木桶 | 桶 | 水桶 | 缸,CLDR release-46 annotations
🪤,mouse trap,捕鼠器,bait | cheese | lure | mouse | mousetrap | snare | trap,奶酪 | 捕鼠器 | 老鼠夹 | 诱饵 | 陷进 | 陷阱,CLDR release-46 annotations
🪥,toothbrush,牙刷,bathroom | brush | clean | dental | hygiene | teeth | toiletry | toothbrush,刷 | 刷子 | 卫生 | 情节 | 洗漱 | 浴室 | 清洁 | 牙刷 | 牙科 | 牙齿,CLDR release-46 annotations
🪦,headstone,墓碑,cemetery | dead | grave | graveyard | headstone | memorial | rip | tomb | tombstone,公墓 | 坟墓 | 墓园 | 墓地 | 墓碑 | 安息 | 死亡 | 纪念,CLDR release-46 annotations
🪧,placard,标语牌,card | demonstration | notice | picket | placard | plaque | protest | sign,告示 | 布告 | 标志 | 标牌 | 标语 | 标语牌 | 海报 | 示威 | 纠察队标语牌 | 警戒哨,CLDR release-46 annotations
🪨,rock,岩石,boulder | heavy | rock | solid | stone | tough,固体 | 坚不可摧 | 岩石 | 巨石 | 石头,CLDR release-46 annotations
🪩,mirror ball,镜球,ball | dance | disco | glitter | mirror | party,派对 | 聚会 | 舞会 | 舞厅 | 舞蹈 | 蹦迪 | 迪斯科 | 镜球 | 闪耀,CLDR release-46 annotations
🪪,identification card,身份证,card | credentials | document | ID | identification | license | security,ID | 凭证 | 安全 | 执照 | 证件 | 身份证,CLDR release-46 annotations
🪫,low battery,电池电量不足,battery | drained | electronic | energy | low | power,低能量 | 电子 | 电池 | 电池电量不足 | 电池电量低 | 电量不足,CLDR release-46 annotations
🪬,hamsa,法蒂玛之手,amulet | Fatima | fortune | guide | hamsa | hand | Mary | Miriam | palm | protect | protection,保护 | 好运 | 手 | 手掌 | 护身符 | 法蒂玛 | 法蒂玛之手 | 玛丽 | 米里亚姆,CLDR release-46 annotations
🪭,folding hand fan,折扇,clack | clap | cool | cooling | dance | fan | flirt | flutter | folding | hand | hot | shy,凉 | 凉快 | 啪嗒声 | 害羞 | 扇 | 扇动 | 扇子 | 折扇 | 拍手 | 热 | 羞涩 | 腼腆 | 舞蹈 | 调情 | 跳舞 | 降温,CLDR release-46 annotations
🪮,hair pick,发夹,Afro | comb | groom | hair | pick,发夹 | 圆蓬 | 头发 | 夹子 | 小刷子 | 梳子 | 梳理 | 爆炸头 | 非洲头,CLDR release-46 annotations
🪯,khanda,坎达,Deg | Fateh | Khalsa | Khanda | religion | Sikh | Sikhism | Tegh,信仰 | 卡尔萨 | 善业与佩剑得胜 | 坎达 | 坎达长剑 | 宗教 | 锡克 | 锡克教 | 锡克教徒,CLDR release-46 annotations
🪰,fly,苍蝇,animal | disease | fly | insect | maggot | pest | rotting,动物 | 害虫 | 疾病 | 腐烂 | 苍蝇 | 虫子 | 蛆,CLDR release-46 annotations
🪱,worm,蠕虫,animal | annelid | earthworm | parasite | worm,动物 | 寄生虫 | 环节动物 | 蚯蚓 | 蠕虫,CLDR release-46 annotations
🪲,beetle,甲虫,animal | beetle | bug | insect,动物 | 昆虫 | 甲虫 | 虫子,CLDR release-46 annotations
🪳,cockroach,蟑螂,animal | cockroach | insect | pest | roach,动物 | 害虫 | 小强 | 昆虫 | 虫子 | 蟑螂,CLDR release-46 annotations
🪴,potted plant,盆栽植物,decor | grow | house | nurturing | plant | pot | potted,培育 | 房子 | 枯燥 | 植物 | 生长 | 盆景 | 盆栽 | 盆栽植物 | 花盆,CLDR release-46 annotations
🪵,wood,木头,log | lumber | timber | wood,原木 | 圆木 | 木头 | 木材 | 木桩,CLDR release-46 annotations
🪶,feather,羽毛,bird | feather | flight | light | plumage,羽毛 | 轻 | 飞 | 鸟,CLDR release-46 annotations
🪷,lotus,莲花,beauty | Buddhism | calm | flower | Hinduism | lotus | peace | purity | serenity,佛教 | 印度教 | 幽静 | 恬静 | 纯洁 | 花 | 花朵 | 莲花,CLDR release-46 annotations
🪸,coral,珊瑚,change | climate | coral | ocean | reef | sea,气候变化 | 海洋 | 珊瑚 | 珊瑚礁 | 礁,CLDR release-46 annotations
🪹,empty nest,空巢,branch | empty | home | nest | nesting,家 | 树枝 | 空巢 | 筑巢 | 鸟巢,CLDR release-46 annotations
🪺,nest with eggs,有蛋的巢,bird | branch | egg | eggs | nest | nesting,有蛋的巢 | 树枝 | 筑巢 | 蛋 | 鸟 | 鸟巢 | 鸟蛋,CLDR release-46 annotations
🪻,hyacinth,风信子,bloom | bluebonnet | flower | hyacinth | indigo | lavender | lilac | lupine | plant | purple | shrub | snapdragon | spring | violet,春天 | 植物 | 灌木 | 矢车菊 | 紫丁香 | 紫罗兰 | 紫色 | 羽扇豆 | 花 | 花朵 | 蓝帽花 | 薰衣草 | 金鱼草 | 靛蓝 | 风信子,CLDR release-46 annotations
🪼,jellyfish,水母,animal | aquarium | burn | invertebrate | jelly | jellyfish | life | marine | ocean | ouch | plankton | sea | sting | stinger | tentacles,刺毛 | 动物 | 发光 | 哎哟 | 无脊椎动物 | 有刺动物 | 果冻 | 水族馆 | 水母 | 浮游生物 | 海洋 | 海洋生物 | 海蜇 | 触手,CLDR release-46 annotations
🪽,wing,翅膀,angelic | ascend | aviation | bird | fly | flying | heavenly | mythology | soar | wing,升天 | 天使 | 天使的 | 天堂的 | 神话 | 翅膀 | 翱翔 | 飞翔 | 飞行 | 鸟,CLDR release-46 annotations
🪾,leafless tree,无叶树,bare | barren | branches | dead | drought | leafless | tree | trunk | winter | wood,冬天 | 冬季 | 干旱 | 无叶 | 木 | 树 | 树干 | 树枝 | 死 | 秃 | 荒芜,CLDR release-46 annotations
🪿,goose,鹅,animal | bird | duck | flock | fowl | gaggle | gander | geese | goose | honk | ornithology | silly,傻 | 傻瓜 | 动物 | 嘎嘎叫声 | 家禽 | 雄鹅 | 鸟 | 鸣叫 | 鸭子 | 鸭群 | 鹅 | 鹅群,CLDR release-46 annotations
🫀,anatomical heart,心脏器官,anatomical | beat | cardiology | heart | heartbeat | organ | pulse | real | red,中心 | 器官 | 心率 | 心脏 | 心脏器官 | 心脏病学 | 心跳 | 真心 | 红心 | 解剖 | 身体,CLDR release-46 annotations
🫁,lungs,肺,breath | breathe | exhalation | inhalation | lung | lungs | organ | respiration,吸气 | 呼吸 | 呼吸作用 | 呼气 | 器官 | 肺 | 肺部 | 身体,CLDR release-46 annotations
🫂,people hugging,人的拥抱,comfort | embrace | farewell | friendship | goodbye | hello | hug | hugging | love | people | thanks,人的拥抱 | 再见 | 友谊 | 告别 | 安慰 | 您好 | 感谢 | 抱抱 | 拥抱 | 爱,CLDR release-46 annotations
🫃,pregnant man,怀孕的男人,belly | bloated | full | man | overeat | pregnant,充满 | 吃撑 | 怀孕 | 怀孕的男人 | 男子 | 腹部 | 臃肿,CLDR release-46 annotations
🫄,pregnant person,怀孕的人,belly | bloated | full | overeat | person | pregnant | stuffed,充满 | 吃撑 | 怀孕 | 怀孕的人 | 腹部 | 臃肿,CLDR release-46 annotations
🫅,person with crown,戴王冠的人,crown | monarch | noble | person | regal | royal | royalty,君主 | 君威 | 国王 | 戴王冠的人 | 王冠 | 王后 | 王室 | 皇室 | 贵族,CLDR release-46 annotations
🫆,fingerprint,指纹,clue | crime | detective | fingerprint | forensics | identity | mystery | print | safety | trace,侦探 | 印迹 | 安全 | 指纹 | 犯罪 | 痕迹 | 神秘 | 线索 | 身份 | 鉴证,CLDR release-46 annotations
🫎,moose,驼鹿,alces | animal | antlers | elk | mammal | moose,动物 | 哺乳动物 | 驼鹿 | 鹿角 | 麋鹿,CLDR release-46 annotations
🫏,donkey,驴,animal | ass | burro | donkey | hinny | mammal | mule | stubborn,倔强 | 动物 | 哺乳动物 | 固执的 | 犟 | 驴 | 驴子 | 骡 | 骡子,CLDR release-46 annotations
🫐,blueberries,蓝莓,berries | berry | bilberry | blue | blueberries | blueberry | food | fruit,水果 | 浆果 | 蓝莓 | 越桔 | 食物,CLDR release-46 annotations
🫑,bell pepper,灯笼椒,bell | capsicum | food | pepper | vegetable,灯笼椒 | 蔬菜 | 辣椒 | 青椒 | 食物,CLDR release-46 annotations
🫒,olive,橄榄,food | olive,橄榄 | 食物,CLDR release-46 annotations
🫓,flatbread,扁面包,arepa | bread | flatbread | food | gordita | lavash | naan | pita,圆盘状烤饼 | 扁面包 | 玉米饼 | 皮塔饼 | 薄脆饼 | 面包 | 面饼 | 食物,CLDR release-46 annotations
🫔,tamale,墨西哥粽子,food | mexican | pamonha | tamale | wrapped,巴西粽 | 粽子 | 食物 | 墨西哥 | 墨西哥粽子 | 墨西哥饼,CLDR release-46 annotations
🫕,fondue,奶酪火锅,cheese | chocolate | fondue | food | melted | pot | ski,奶酪 | 奶酪火锅 | 奶酪锅 | 巧克力 | 火锅 | 煮 | 煲汤 | 瑞士 | 融化 | 锅 | 食物,CLDR release-46 annotations
🫖,teapot,茶壶,brew | drink | food | pot | tea | teapot,冲泡 | 壶 | 茶 | 茶壶 | 食物,CLDR release-46 annotations
🫗,pouring liquid,倾倒液体,accident | drink | empty | glass | liquid | oops | pour | pouring | spill | water,倒出 | 倾倒 | 倾倒液体 | 洒出 | 流出 | 玻璃杯 | 碰倒 | 空 | 饮料,CLDR release-46 annotations
🫘,beans,豆,beans | food | kidney | legume | small,肾 | 豆 | 豆子 | 豆类 | 食物,CLDR release-46 annotations
🫙,jar,罐,condiment | container | empty | jar | nothing | sauce | store,容器 | 瓶子 | 空 | 空瓶 | 罐 | 调味品 | 贮藏 | 酱,CLDR release-46 annotations
🫚,ginger root,姜,beer | ginger | health | herb | natural | root | spice,健康 | 啤酒 | 天然 | 姜 | 根 | 根汁啤酒 | 根茎 | 草药 | 香料,CLDR release-46 annotations
🫛,pea pod,豌豆荚,beans | beanstalk | edamame | legume | pea | pod | soybean | vegetable | veggie,大豆 | 毛豆 | 素食者 | 荚 | 蔬菜 | 豆 | 豆类 | 豆茎 | 豆荚 | 豌豆 | 豌豆荚 | 黄豆,CLDR release-46 annotations
🫜,root vegetable,根菜,beet | food | garden | radish | root | salad | turnip | vegetable | vegetarian,根 | 甜菜 | 素食 | 色拉 | 芜菁 | 菜园 | 萝卜 | 蔬菜 | 食物,CLDR release-46 annotations
🫟,splatter,泼溅,drip | holi | ink | liquid | mess | paint | spill | splatter | stain,喷洒 | 污渍 | 油漆 | 泼溅 | 溢出,CLDR release-46 annotations
🫠,melting face,融化,disappear | dissolve | embarrassed | face | haha | heat | hot | liquid | lol | melt | melting | sarcasm | sarcastic,冷笑 | 哈哈 | 尴尬 | 微笑 | 消失 | 液体 | 溶解 | 热 | 融化,CLDR release-46 annotations
🫡,saluting face,致敬,face | good | luck | ma’am | OK | respect | salute | saluting | sir | troops | yes,军队 | 好 | 好的 | 收到 | 敬礼 | 是 | 致敬 | 阳光,CLDR release-46 annotations
🫢,face with open eyes and hand over mouth,睁眼捂嘴,amazement | awe | disbelief | embarrass | eyes | face | gasp | hand | mouth | omg | open | over | quiet | scared | shock | surprise,哇塞 | 哑口无言 | 害怕 | 尴尬 | 怀疑 | 惊奇 | 惊愕 | 惊讶 | 敬畏 | 睁眼捂嘴 | 震惊,CLDR release-46 annotations
🫣,face with peeking eye,偷看,captivated | embarrass | eye | face | hide | hiding | peek | peeking | peep | scared | shy | stare,偷看 | 偷窥 | 凝视 | 害怕 | 害羞 | 尴尬 | 迷住,CLDR release-46 annotations
🫤,face with diagonal mouth,郁闷,confused | confusion | diagonal | disappointed | doubt | doubtful | face | frustrated | frustration | meh | mouth | skeptical | unsure | whatever | wtv,不相信 | 不确定 | 困惑 | 失望 | 怀疑 | 无所谓 | 无聊 | 沮丧 | 疑惑 | 迷惘 | 郁闷,CLDR release-46 annotations
🫥,dotted line face,虚线脸,depressed | disappear | dotted | face | hidden | hide | introvert | invisible | line | meh | whatever | wtv,内向 | 无所谓 | 沮丧 | 消失 | 虚线脸 | 隐形 | 隐藏,CLDR release-46 annotations
🫦,biting lip,咬住嘴唇,anxious | bite | biting | fear | flirt | flirting | kiss | lip | lipstick | nervous | sexy | uncomfortable | worried | worry,不舒服 | 口红 | 咬住嘴唇 | 咬嘴唇 | 嘴唇 | 害怕 | 性感 | 担心 | 接吻 | 焦虑 | 紧张 | 调情,CLDR release-46 annotations
🫧,bubbles,气泡,bubble | bubbles | burp | clean | floating | pearl | soap | underwater,打嗝 | 气泡 | 水下 | 泡泡 | 清洁 | 漂浮 | 珍珠状 | 肥皂 | 肥皂泡,CLDR release-46 annotations
🫨,shaking face,颤抖,crazy | daze | earthquake | face | omg | panic | shaking | shock | surprise | vibrate | whoa | wow,哇 | 地震 | 天啊 | 惊喜 | 惊慌 | 晕头转向 | 疯狂 | 脸 | 震动 | 震惊 | 颤抖,CLDR release-46 annotations
🫩,face with bags under eyes,有眼袋,bags | bored | exhausted | eyes | face | fatigued | late | sleepy | tired | weary,厌倦 | 困倦 | 晚睡 | 熬夜 | 疲倦 | 疲劳 | 疲惫 | 眼 | 眼袋 | 脸,CLDR release-46 annotations
🫰,hand with index finger and thumb crossed,食指与拇指交叉的手,<3 | crossed | expensive | finger | hand | heart | index | love | money | snap | thumb,响指 | 心 | 手 | 昂贵 | 比心 | 爱 | 爱心 | 金钱 | 钞票 | 食指与拇指交叉的手,CLDR release-46 annotations
🫱,rightwards hand,向右的手,hand | handshake | hold | reach | right | rightward | rightwards | shake,伸手 | 右 | 右手 | 向右 | 向右的手 | 手 | 握手,CLDR release-46 annotations
🫲,leftwards hand,向左的手,hand | handshake | hold | left | leftward | leftwards | reach | shake,伸手 | 向左 | 向左的手 | 左 | 左手 | 手 | 握手,CLDR release-46 annotations
🫳,palm down hand,掌心向下的手,dismiss | down | drop | dropped | hand | palm | pick | shoo | up,下投 | 手 | 扔掉 | 拿起 | 捡起 | 掌心向下的手 | 解散 | 驱赶,CLDR release-46 annotations
🫴,palm up hand,掌心向上的手,beckon | catch | come | hand | hold | know | lift | me | offer | palm | tell,不知道 | 召唤 | 告诉我 | 手 | 拿着 | 掌心向上的手 | 接住 | 提供 | 过来 | 送出,CLDR release-46 annotations
🫵,index pointing at the viewer,指向观察者的食指,at | finger | hand | index | pointing | poke | viewer | you,伸出手指 | 你 | 戳 | 手指 | 指 | 指向 | 指向观察者的食指,CLDR release-46 annotations
🫶,heart hands,做成心形的双手,<3 | hands | heart | love | you,做成心形的双手 | 手 | 比心 | 爱 | 爱你 | 爱心,CLDR release-46 annotations
🫷,leftwards pushing hand,向左推,block | five | halt | hand | high | hold | leftward | leftwards | pause | push | pushing | refuse | slap | stop | wait,中止 | 停止 | 击掌 | 向左 | 向左推 | 往左 | 手 | 拒绝 | 推 | 暂停 | 等等 | 阻挡,CLDR release-46 annotations
🫸,rightwards pushing hand,向右推,block | five | halt | hand | high | hold | pause | push | pushing | refuse | rightward | rightwards | slap | stop | wait,中止 | 停止 | 击掌 | 向右 | 向右推 | 往右 | 手 | 拒绝 | 推 | 暂停 | 等等 | 阻挡,CLDR release-46 annotations
⛓‍💥,broken chain,断链,break | breaking | broken | chain | cuffs | freedom,手铐 | 断开 | 断开的链条 | 断链 | 自由 | 链 | 链条,CLDR release-46 annotations
⛹‍♀,woman bouncing ball,女生玩球,athletic | ball | basketball | bouncing | championship | dribble | net | player | throw | woman,女 | 女生打篮球 | 女生玩球 | 游戏 | 玩 | 球 | 篮球,CLDR release-46 annotations
⛹‍♂,man bouncing ball,男生玩球,athletic | ball | basketball | bouncing | championship | dribble | man | net | player | throw,球 | 男 | 男生玩球,CLDR release-46 annotations
❤‍🔥,heart on fire,火上之心,burn | fire | heart | love | lust | sacred,渴望 | 火上之心 | 燃烧 | 爱,CLDR release-46 annotations
❤‍🩹,mending heart,修复受伤的心灵,healthier | heart | improving | mending | recovering | recuperating | well,修复受伤的心灵 | 修补 | 恢复 | 痊愈,CLDR release-46 annotations
🍄‍🟫,brown mushroom,褐色蘑菇,food | fungi | fungus | mushroom | nature | pizza | portobello | shiitake | shroom | spore | sprout | toppings | truffle | vegetable | vegetarian | veggie,披萨配料 | 拖沓 | 无聊 | 棕色 | 植物 | 素食 | 素食主义者 | 自然 | 菌类 | 蔬菜 | 蘑菇 | 褐色 | 褐色蘑菇 | 褐菇 | 食物,CLDR release-46 annotations
🍋‍🟩,lime,青柠,acidity | citrus | cocktail | fruit | garnish | key | lime | margarita | mojito | refreshing | salsa | sour | tangy | tequila | tropical | zest,柑橘属 | 橘属 | 水果 | 清爽 | 热带 | 绿色 | 莫吉托 | 调味汁 | 酸味酒精饮料 | 酸橙 | 酸橙派 | 酸爽 | 青柠,CLDR release-46 annotations
🏃‍♀,woman running,女生跑步,fast | hurry | marathon | move | quick | race | racing | run | rush | speed | woman,冲刺 | 女 | 女生跑步 | 比赛 | 跑 | 跑步 | 马拉松,CLDR release-46 annotations
🏃‍♂,man running,男生跑步,fast | hurry | man | marathon | move | quick | race | racing | run | rush | speed,男 | 男生跑步 | 跑 | 马拉松,CLDR release-46 annotations
🏄‍♀,woman surfing,女生冲浪,beach | ocean | person | sport | surf | surfer | surfing | swell | waves,冲浪 | 女 | 女生冲浪 | 海滩,CLDR release-46 annotations
🏄‍♂,man surfing,男生冲浪,beach | man | ocean | sport | surf | surfer | surfing | swell | waves,冲浪 | 男 | 男生冲浪,CLDR release-46 annotations
🏊‍♀,woman swimming,女生游泳,freestyle | man | sport | swim | swimmer | swimming | triathlon,女 | 女生游泳 | 游泳,CLDR release-46 annotations
🏊‍♂,man swimming,男生游泳,freestyle | man | sport | swim | swimmer | swimming | triathlon,游泳 | 男 | 男生游泳,CLDR release-46 annotations
🏋‍♀,woman lifting weights,女生举重,barbell | bodybuilder | deadlift | lifter | lifting | powerlifting | weight | weightlifter | weights | woman | workout,举重 | 女 | 女生举重 | 训练,CLDR release-46 annotations
🏋‍♂,man lifting weights,男生举重,barbell | bodybuilder | deadlift | lifter | lifting | man | powerlifting | weight | weightlifter | weights | workout,举重 | 男 | 男生举重,CLDR release-46 annotations
🏌‍♀,woman golfing,女生打高尔夫,ball | birdie | caddy | driving | golf | golfing | green | pga | putt | range | tee | woman,女 | 女生打高尔夫 | 高尔夫 | 高尔夫练球场,CLDR release-46 annotations
🏌‍♂,man golfing,男生打高尔夫,ball | birdie | caddy | driving | golf | golfing | green | man | pga | putt | range | tee,男 | 男生打高尔夫 | 高尔夫,CLDR release-46 annotations
🏳‍⚧,transgender flag,跨性别旗,blue | flag | light | pink | transgender | white,旗帜 | 浅蓝色 | 白色 | 粉红色 | 跨性别 | 跨性别旗,CLDR release-46 annotations
🏳‍🌈,rainbow flag,彩虹旗,bisexual | flag | gay | genderqueer | glbt | glbtq | lesbian | lgbt | lgbtq | lgbtqia | pride | queer | rainbow | trans | transgender,双性 | 同性 | 多色 | 彩虹 | 彩虹旗 | 旗 | 旗帜 | 跨性别,CLDR release-46 annotations
🏴‍☠,pirate flag,海盗旗,flag | Jolly | pirate | plunder | Roger | treasure,掠夺 | 海上 | 海盗旗 | 财宝 | 骷髅,CLDR release-46 annotations
🐈‍⬛,black cat,黑猫,animal | black | cat | feline | halloween | meow | unlucky,万圣节 | 不吉利 | 动物 | 喵 | 喵星人 | 猫 | 猫科 | 黑猫 | 黑色,CLDR release-46 annotations
🐕‍🦺,service dog,服务犬,accessibility | animal | assistance | dog | service,工作犬 | 无障碍 | 服务 | 服务犬 | 犬 | 狗 | 辅助,CLDR release-46 annotations
🐦‍⬛,black bird,黑色的鸟,animal | beak | bird | black | caw | corvid | crow | ornithology | raven | rook,乌鸦 | 动物 | 喙 | 渡鸦 | 秃鼻乌鸦 | 老鸦 | 鸟 | 鸦叫声 | 鸦科 | 黑色 | 黑色的鸟,CLDR release-46 annotations
🐦‍🔥,phoenix,凤凰,ascend | ascension | emerge | fantasy | firebird | glory | immortal | phoenix | rebirth | reincarnation | reinvent | renewal | revival | revive | rise | transform,不朽 | 不死鸟 | 东山再起 | 凤凰 | 凤凰传奇 | 幻兽 | 幻想 | 浴火重生 | 火鸟 | 灵魂转世 | 神奇动物 | 重生 | 重获新生,CLDR release-46 annotations
🐻‍❄,polar bear,北极熊,animal | arctic | bear | polar | white,北极 | 北极熊 | 熊 | 白色,CLDR release-46 annotations
👁‍🗨,eye in speech bubble,眼睛对话框,balloon | bubble | eye | speech | witness,对话框 | 目擊 | 眼睛 | 眼睛对话框,CLDR release-46 annotations
👨‍⚕,man health worker,男医生,doctor | health | healthcare | man | nurse | therapist | worker,医护人员 | 医生 | 护士 | 治疗师 | 男 | 男人 | 男医生 | 男治疗师,CLDR release-46 annotations
👨‍⚖,man judge,男法官,judge | justice | law | man | scales,正义 | 法官 | 法律 | 男 | 男法官,CLDR release-46 annotations
👨‍✈,man pilot,男飞行员,man | pilot | plane,机长 | 男 | 男飞行员 | 飞机 | 飞行员,CLDR release-46 annotations
👨‍🌾,man farmer,农夫,farmer | gardener | man | rancher,农夫 | 农民 | 园丁 | 牧场主人 | 牧场工人 | 男,CLDR release-46 annotations
👨‍🍳,man cook,男厨师,chef | cook | man,做饭 | 厨师 | 大厨 | 男 | 男厨师,CLDR release-46 annotations
👨‍🍼,man feeding baby,哺乳的男人,baby | dad | father | feed | feeding | man | nanny | newborn | nursing,人物 | 保姆 | 哺乳 | 哺乳的男人 | 哺育 | 喂养 | 婴儿 | 宝宝 | 新生儿 | 爱 | 父亲 | 父子情 | 父爱 | 男人,CLDR release-46 annotations
👨‍🎓,man student,男学生,graduate | man | student,学生 | 毕业 | 男 | 男学生,CLDR release-46 annotations
👨‍🎤,man singer,男歌手,actor | entertainer | man | rock | rockstar | singer | star,摇滚歌手 | 明星 | 歌手 | 男 | 男歌手 | 男演员 | 艺人,CLDR release-46 annotations
👨‍🎨,man artist,男艺术家,artist | man | palette,男 | 男艺术家 | 画家 | 艺术,CLDR release-46 annotations
👨‍🏫,man teacher,男老师,instructor | lecturer | man | professor | teacher,教师 | 教授 | 男 | 男老师 | 老师,CLDR release-46 annotations
👨‍🏭,man factory worker,男工人,assembly | factory | industrial | man | worker,工业 | 工人 | 工厂 | 男 | 男工人 | 组装工 | 装配,CLDR release-46 annotations
👨‍💻,man technologist,男程序员,coder | computer | developer | inventor | man | software | technologist,发明家 | 工程师 | 开发人员 | 男 | 男程序员 | 码农 | 程序员 | 软件,CLDR release-46 annotations
👨‍💼,man office worker,男白领,architect | business | man | manager | office | white-collar | worker,商人 | 建筑师 | 男 | 男白领 | 白领 | 经理,CLDR release-46 annotations
👨‍🔧,man mechanic,男技工,electrician | man | mechanic | plumber | tradesperson,技工 | 机械工 | 杂工 | 水管工 | 水管工人 | 电工 | 男 | 男技工,CLDR release-46 annotations
👨‍🔬,man scientist,男科学家,biologist | chemist | engineer | man | mathematician | physicist | scientist,化学家 | 工程学家 | 工程师 | 数学家 | 物理学家 | 生物学家 | 男 | 男科学家 | 科学家,CLDR release-46 annotations
👨‍🚀,man astronaut,男宇航员,astronaut | man | rocket | space,宇宙 | 宇航员 | 火箭 | 男 | 男宇航员 | 航天,CLDR release-46 annotations
👨‍🚒,man firefighter,男消防员,fire | firefighter | firetruck | man,救火 | 消防 | 消防员 | 消防车 | 男 | 男消防员,CLDR release-46 annotations
👨‍🦯,man with white cane,拄盲杖的男人,accessibility | blind | cane | man | probing | white,拄盲杖的男人 | 拐杖 | 无障碍 | 男 | 男人 | 男子 | 盲 | 盲人,CLDR release-46 annotations
👨‍🦼,man in motorized wheelchair,坐电动轮椅的男人,accessibility | man | motorized | wheelchair,坐电动轮椅的男人 | 无障碍 | 电动 | 男 | 男人 | 男子 | 轮椅,CLDR release-46 annotations
👨‍🦽,man in manual wheelchair,坐手动轮椅的男人,accessibility | man | manual | wheelchair,坐手动轮椅的男人 | 手动 | 无障碍 | 男 | 男人 | 男子 | 轮椅,CLDR release-46 annotations
👩‍⚕,woman health worker,女医生,doctor | health | healthcare | nurse | therapist | woman | worker,医护人员 | 医生 | 女 | 女人 | 女医生 | 女治疗师 | 护士 | 治疗师,CLDR release-46 annotations
👩‍⚖,woman judge,女法官,judge | justice | law | scales | woman,女 | 女法官 | 正义 | 法官 | 法律,CLDR release-46 annotations
👩‍✈,woman pilot,女飞行员,pilot | plane | woman,女 | 女飞行员 | 机长 | 飞机 | 飞行员,CLDR release-46 annotations
👩‍🌾,woman farmer,农妇,farmer | gardener | rancher | woman,农妇 | 农民 | 园丁 | 女 | 牧场主人 | 牧场工,CLDR release-46 annotations
👩‍🍳,woman cook,女厨师,chef | cook | woman,做饭 | 厨师 | 大厨 | 女 | 女厨师,CLDR release-46 annotations
👩‍🍼,woman feeding baby,哺乳的女人,baby | feed | feeding | mom | mother | nanny | newborn | nursing | woman,人物 | 保姆 | 哺乳 | 哺乳的女人 | 喂养 | 女人 | 妈咪 | 妈妈 | 婴儿 | 宝宝 | 母亲 | 爱,CLDR release-46 annotations
👩‍🎓,woman student,女学生,graduate | student | woman,女 | 女学生 | 学生 | 毕业,CLDR release-46 annotations
👩‍🎤,woman singer,女歌手,actor | entertainer | rock | rockstar | singer | star | woman,女 | 女歌手 | 摇滚歌手 | 明星 | 歌手 | 演员 | 艺人,CLDR release-46 annotations
👩‍🎨,woman artist,女艺术家,artist | palette | woman,女 | 女艺术家 | 画家 | 艺术,CLDR release-46 annotations
👩‍🏫,woman teacher,女老师,instructor | lecturer | professor | teacher | woman,女 | 女老师 | 教师 | 教授 | 老师,CLDR release-46 annotations
👩‍🏭,woman factory worker,女工人,assembly | factory | industrial | woman | worker,女 | 女工人 | 工业 | 工人 | 工厂 | 装配,CLDR release-46 annotations
👩‍💻,woman technologist,女程序员,coder | computer | developer | inventor | software | technologist | woman,发明家 | 女 | 女程序员 | 工程师 | 开发人员 | 码农 | 程序员 | 软件,CLDR release-46 annotations
👩‍💼,woman office worker,女白领,architect | business | manager | office | white-collar | woman | worker,人物 | 商人 | 女 | 女白领 | 建筑师 | 白领 | 经理,CLDR release-46 annotations
👩‍🔧,woman mechanic,女技工,electrician | mechanic | plumber | tradesperson | woman,修理工 | 女 | 女技工 | 技工 | 水电工 | 水管工 | 水管工人 | 电工,CLDR release-46 annotations
👩‍🔬,woman scientist,女科学家,biologist | chemist | engineer | mathematician | physicist | scientist | woman,化学家 | 女 | 女科学家 | 工程学家 | 工程师 | 数学家 | 物理学家 | 生物学家 | 科学家,CLDR release-46 annotations
👩‍🚀,woman astronaut,女宇航员,astronaut | rocket | space | woman,女 | 女宇航员 | 宇宙 | 宇航员 | 火箭 | 航天,CLDR release-46 annotations
👩‍🚒,woman firefighter,女消防员,fire | firefighter | firetruck | woman,女 | 女消防员 | 救火 | 消防 | 消防员 | 消防车 | 火灾,CLDR release-46 annotations
👩‍🦯,woman with white cane,拄盲杖的女人,accessibility | blind | cane | probing | white | woman,女 | 女人 | 女性 | 拄盲杖的女人 | 拐杖 | 无障碍 | 盲 | 盲人,CLDR release-46 annotations
👩‍🦼,woman in motorized wheelchair,坐电动轮椅的女人,accessibility | motorized | wheelchair | woman,坐电动轮椅的女人 | 女 | 女人 | 女子 | 无障碍 | 电动 | 轮椅,CLDR release-46 annotations
👩‍🦽,woman in manual wheelchair,坐手动轮椅的女人,accessibility | manual | wheelchair | woman,坐手动轮椅的女人 | 女 | 女人 | 女子 | 手动 | 无障碍 | 轮椅,CLDR release-46 annotations
👮‍♀,woman police officer,女警察,apprehend | arrest | citation | cop | law | officer | over | police | pulled | undercover | woman,交警 | 公安 | 卧底 | 女 | 女警察 | 武警 | 法警 | 警官 | 警察 | 警方 | 逮捕,CLDR release-46 annotations
👮‍♂,man police officer,男警察,apprehend | arrest | citation | cop | law | man | officer | over | police | pulled | undercover,男 | 男警察 | 警官 | 警察,CLDR release-46 annotations
👯‍♀,women with bunny ears,兔女郎,bestie | bff | bunny | counterpart | dancer | double | ear | identical | pair | party | partying | people | soulmate | twin | twinsies | women,兔女郎 | 兔耳朵 | 女生派对 | 派对 | 聚会 | 跳舞,CLDR release-46 annotations
👯‍♂,men with bunny ears,兔先生,bestie | bff | bunny | counterpart | dancer | double | ear | identical | men | pair | party | partying | people | soulmate | twin | twinsies,兔先生 | 兔耳朵 | 同好 | 永远的好朋友 | 派对 | 男生派对 | 聚会 | 跳舞,CLDR release-46 annotations
👰‍♀,woman with veil,戴头纱的女人,bride | veil | wedding | woman,头纱 | 女人 | 戴头纱的女人,CLDR release-46 annotations
👰‍♂,man with veil,戴头纱的男人,man | veil | wedding,头纱 | 戴头纱的男人 | 男人,CLDR release-46 annotations
👱‍♀,woman: blond hair,金发女,blond | blond-haired | blonde | hair | woman,女 | 金发 | 金发女,CLDR release-46 annotations
👱‍♂,man: blond hair,金发男,blond | blond-haired | hair | man,男 | 金发 | 金发男,CLDR release-46 annotations
👳‍♀,woman wearing turban,戴头巾的女人,turban | wearing | woman,头巾 | 女 | 戴头巾的女人 | 特本,CLDR release-46 annotations
👳‍♂,man wearing turban,戴头巾的男人,man | turban | wearing,头巾 | 戴头巾的男人 | 男,CLDR release-46 annotations
👷‍♀,woman construction worker,女建筑工人,build | construction | fix | hardhat | hat | man | rebuild | remodel | repair | woman | work | worker,头盔 | 女 | 女建筑工人 | 工人 | 建筑,CLDR release-46 annotations
👷‍♂,man construction worker,男建筑工人,build | construction | fix | hardhat | hat | man | rebuild | remodel | repair | work | worker,工人 | 建筑 | 男 | 男建筑工人,CLDR release-46 annotations
💁‍♀,woman tipping hand,前台女,fetch | flick | flip | gossip | hand | sarcasm | sarcastic | sassy | seriously | tipping | whatever | woman,前台 | 前台女 | 女,CLDR release-46 annotations
💁‍♂,man tipping hand,前台男,fetch | flick | flip | gossip | hand | man | sarcasm | sarcastic | sassy | seriously | tipping | whatever,前台 | 前台男 | 嘲讽 | 小费 | 男,CLDR release-46 annotations
💂‍♀,woman guard,女卫兵,buckingham | guard | helmet | london | palace | woman,卫兵 | 卫士 | 女 | 女卫兵 | 守卫,CLDR release-46 annotations
💂‍♂,man guard,男卫兵,buckingham | guard | helmet | london | man | palace,卫兵 | 卫士 | 守卫 | 男 | 男卫兵,CLDR release-46 annotations
💆‍♀,woman getting massage,女生按摩,face | getting | headache | massage | relax | relaxing | salon | soothe | spa | tension | therapy | treatment | woman,女 | 女生按摩 | 按摩,CLDR release-46 annotations
💆‍♂,man getting massage,男生按摩,face | getting | headache | man | massage | relax | relaxing | salon | soothe | spa | tension | therapy | treatment,头痛 | 按摩 | 男 | 男生按摩 | 脸,CLDR release-46 annotations
💇‍♀,woman getting haircut,女生理发,barber | beauty | chop | cosmetology | cut | groom | hair | haircut | parlor | person | shears | style | woman,剪头 | 女 | 女生理发 | 理发,CLDR release-46 annotations
💇‍♂,man getting haircut,男生理发,barber | beauty | chop | cosmetology | cut | groom | hair | haircut | man | parlor | person | shears | style,剪头 | 理发 | 男 | 男生理发,CLDR release-46 annotations
🕵‍♀,woman detective,女侦探,detective | sleuth | spy | woman,侦探 | 女 | 女侦探 | 特工 | 间谍,CLDR release-46 annotations
🕵‍♂,man detective,男侦探,detective | man | sleuth | spy,侦探 | 男 | 男侦探 | 间谍,CLDR release-46 annotations
😮‍💨,face exhaling,呼气,blow | blowing | exhale | exhaling | exhausted | face | gasp | groan | relief | sigh | smiley | smoke | whisper | whistle,叹息 | 叹气 | 吹气 | 呼气 | 呼气的脸 | 唉 | 无奈 | 松一口气 | 疲惫 | 笑脸 | 释然,CLDR release-46 annotations
😵‍💫,face with spiral eyes,晕,confused | dizzy | eyes | face | hypnotized | omg | smiley | spiral | trouble | whoa | woah | woozy,哇 | 哎呀 | 头晕 | 晕 | 笑脸 | 迷糊,CLDR release-46 annotations
😶‍🌫,face in clouds,迷茫,absentminded | clouds | face | fog | head,迷茫,CLDR release-46 annotations
🙂‍↔,head shaking horizontally,左右摇头,head | horizontally | no | shake | shaking,否定 | 左右摇头 | 摇头,CLDR release-46 annotations
🙂‍↕,head shaking vertically,上下点头,head | nod | shaking | vertically | yes,上下点头 | 点头，肯定,CLDR release-46 annotations
🙅‍♀,woman gesturing NO,禁止手势女,forbidden | gesture | hand | NO | not | prohibit | woman,不行 | 反对 | 女 | 禁止 | 禁止手势女,CLDR release-46 annotations
🙅‍♂,man gesturing NO,禁止手势男,forbidden | gesture | hand | man | NO | not | prohibit,不行 | 反对 | 男 | 禁止 | 禁止手势男,CLDR release-46 annotations
🙆‍♀,woman gesturing OK,OK手势女,exercise | gesture | gesturing | hand | OK | omg | woman,OK | OK手势女 | 可以 | 同意 | 女 | 好的,CLDR release-46 annotations
🙆‍♂,man gesturing OK,OK手势男,exercise | gesture | gesturing | hand | man | OK | omg,ok | OK | ok手势男 | OK手势男 | 可以 | 同意 | 好的 | 男 | 运动,CLDR release-46 annotations
🙇‍♀,woman bowing,女生鞠躬,apology | ask | beg | bow | bowing | favor | forgive | gesture | meditate | meditation | pity | regret | sorry | woman,不好意思 | 女 | 女生鞠躬 | 对不起 | 道歉 | 静思 | 鞠躬,CLDR release-46 annotations
🙇‍♂,man bowing,男生鞠躬,apology | ask | beg | bow | bowing | favor | forgive | gesture | man | meditate | meditation | pity | regret | sorry,不好意思 | 对不起 | 男 | 男生鞠躬 | 道歉,CLDR release-46 annotations
🙋‍♀,woman raising hand,女生举手,gesture | hand | here | know | me | pick | question | raise | raising | woman,举手 | 女 | 女生举手,CLDR release-46 annotations
🙋‍♂,man raising hand,男生举手,gesture | hand | here | know | man | me | pick | question | raise | raising,举手 | 发问 | 手势 | 男 | 男生举手,CLDR release-46 annotations
🙍‍♀,woman frowning,皱眉女,annoyed | disappointed | disgruntled | disturbed | frown | frowning | frustrated | gesture | irritated | upset | woman,不开心 | 女 | 皱眉 | 皱眉女,CLDR release-46 annotations
🙍‍♂,man frowning,皱眉男,annoyed | disappointed | disgruntled | disturbed | frown | frowning | frustrated | gesture | irritated | man | upset,不开心 | 男 | 皱眉 | 皱眉男 | 表情,CLDR release-46 annotations
🙎‍♀,woman pouting,撅嘴女,disappointed | downtrodden | frown | grimace | pouting | scowl | sulk | upset | whine | woman,不开心 | 噘嘴 | 女 | 撅嘴女,CLDR release-46 annotations
🙎‍♂,man pouting,撅嘴男,disappointed | downtrodden | frown | grimace | man | pouting | scowl | sulk | upset | whine,不开心 | 噘嘴 | 撅嘴男 | 男 | 表情,CLDR release-46 annotations
🚣‍♀,woman rowing boat,女生划船,boat | canoe | cruise | fishing | lake | oar | paddle | raft | river | row | rowboat | rowing | woman,划船 | 划艇 | 女 | 女生划船 | 船,CLDR release-46 annotations
🚣‍♂,man rowing boat,男生划船,boat | canoe | cruise | fishing | lake | man | oar | paddle | raft | river | row | rowboat | rowing,划船 | 划艇 | 男 | 男生划船 | 船,CLDR release-46 annotations
🚴‍♀,woman biking,女生骑自行车,bicycle | bicyclist | bike | biking | cycle | cyclist | riding | sport | woman,单车 | 女 | 女生骑自行车 | 女生骑车 | 自行车 | 骑车,CLDR release-46 annotations
🚴‍♂,man biking,男生骑自行车,bicycle | bicyclist | bike | biking | cycle | cyclist | man | riding | sport,单车 | 男 | 男生骑自行车 | 自行车 | 骑车,CLDR release-46 annotations
🚵‍♀,woman mountain biking,女生骑山地车,bicycle | bicyclist | bike | biking | cycle | cyclist | mountain | riding | sport | woman,单车 | 女 | 女生骑山地车 | 山地车 | 自行车 | 骑车,CLDR release-46 annotations
🚵‍♂,man mountain biking,男生骑山地车,bicycle | bicyclist | bike | biking | cycle | cyclist | man | mountain | riding | sport,单车 | 山地车 | 男 | 男生骑山地车 | 自行车 | 骑山地车的人,CLDR release-46 annotations
🚶‍♀,woman walking,女行人,amble | gait | hike | man | pace | pedestrian | stride | stroll | walk | walking | woman,女 | 女行人 | 徒步 | 漫步 | 缓行 | 走 | 走路 | 路人,CLDR release-46 annotations
🚶‍♂,man walking,男行人,amble | gait | hike | man | pace | pedestrian | stride | stroll | walk | walking,徒步 | 男 | 男行人 | 走路,CLDR release-46 annotations
🤦‍♀,woman facepalming,女生捂脸,again | bewilder | disbelief | exasperation | facepalm | no | not | oh | omg | shock | smh | woman,女 | 女子捂脸 | 女生捂脸 | 尴尬 | 恼怒 | 我的天哪 | 扶额 | 捂脸 | 无奈 | 无语 | 难以置信 | 震惊,CLDR release-46 annotations
🤦‍♂,man facepalming,男生捂脸,again | bewilder | disbelief | exasperation | facepalm | man | no | not | oh | omg | shock | smh,尴尬 | 恼怒 | 我的天哪 | 扶额 | 捂脸 | 无奈 | 无语 | 男 | 男子捂脸 | 男生捂脸 | 难以置信 | 震惊,CLDR release-46 annotations
🤵‍♀,woman in tuxedo,穿礼服的女人,formal | tuxedo | wedding | woman,女人 | 礼服 | 穿礼服的女人,CLDR release-46 annotations
🤵‍♂,man in tuxedo,穿礼服的男人,formal | groom | man | tuxedo | wedding,男人 | 礼服 | 穿礼服的男人,CLDR release-46 annotations
🤷‍♀,woman shrugging,女生耸肩,doubt | dunno | guess | idk | ignorance | indifference | knows | maybe | shrug | shrugging | whatever | who | woman,不关心 | 不知道 | 天晓得 | 女 | 女子耸肩 | 女生耸肩 | 怀疑 | 我哪知 | 我猜的 | 无所谓 | 无视 | 耸肩,CLDR release-46 annotations
🤷‍♂,man shrugging,男生耸肩,doubt | dunno | guess | idk | ignorance | indifference | knows | man | maybe | shrug | shrugging | whatever | who,不关心 | 不知道 | 天晓得 | 怀疑 | 我哪知 | 我猜的 | 无所谓 | 无视 | 男 | 男子耸肩 | 男生耸肩 | 耸肩,CLDR release-46 annotations
🤸‍♀,woman cartwheeling,女生侧手翻,active | cartwheel | cartwheeling | excited | flip | gymnastics | happy | somersault | woman,体操 | 侧手翻 | 兴奋 | 女 | 女子侧手翻 | 女生侧手翻 | 快乐 | 杂技 | 活泼 | 翻筋斗,CLDR release-46 annotations
🤸‍♂,man cartwheeling,男生侧手翻,active | cartwheel | cartwheeling | excited | flip | gymnastics | happy | man | somersault,体操 | 侧手翻 | 兴奋 | 快乐 | 杂技 | 活泼 | 男 | 男子侧手翻 | 男生侧手翻 | 翻筋斗,CLDR release-46 annotations
🤹‍♀,woman juggling,女生抛接杂耍,act | balance | balancing | handle | juggle | juggling | manage | multitask | skill | woman,女 | 女生抛接杂耍 | 杂技 | 杂耍 | 颠球,CLDR release-46 annotations
🤹‍♂,man juggling,男生抛接杂耍,act | balance | balancing | handle | juggle | juggling | man | manage | multitask | skill,一心多用 | 平衡艺术 | 抛接球 | 操纵 | 杂技 | 杂耍 | 男 | 男子 | 男生抛接杂耍 | 颠球,CLDR release-46 annotations
🤼‍♀,women wrestling,女生摔跤,combat | duel | grapple | ring | tournament | women | wrestle | wrestling,女 | 女子摔跤 | 女生摔跤 | 对决 | 打架 | 搏斗 | 摔跤 | 摔跤比赛 | 擂台争霸 | 运动,CLDR release-46 annotations
🤼‍♂,men wrestling,男生摔跤,combat | duel | grapple | men | ring | tournament | wrestle | wrestling,对决 | 打架 | 搏斗 | 摔跤 | 摔跤比赛 | 擂台争霸 | 男 | 男子摔跤 | 男生摔跤 | 运动,CLDR release-46 annotations
🤽‍♀,woman playing water polo,女生玩水球,playing | polo | sport | swimming | water | waterpolo | woman,女 | 女子玩水球 | 女生玩水球 | 水上足球 | 水上运动 | 水球 | 游泳 | 马可波罗游戏,CLDR release-46 annotations
🤽‍♂,man playing water polo,男生玩水球,man | playing | polo | sport | swimming | water | waterpolo,水上足球 | 水上运动 | 水球 | 游泳 | 男 | 男子玩水球 | 男生玩水球 | 马可波罗游戏,CLDR release-46 annotations
🤾‍♀,woman playing handball,女生玩手球,athletics | ball | catch | chuck | handball | hurl | lob | pitch | playing | sport | throw | toss | woman,女 | 女子玩手球 | 女生玩手球 | 手球 | 扔 | 投球 | 抛 | 接球 | 犯规投球 | 球 | 运动 | 高球,CLDR release-46 annotations
🤾‍♂,man playing handball,男生玩手球,athletics | ball | catch | chuck | handball | hurl | lob | man | pitch | playing | sport | throw | toss,墙手球 | 手球 | 男 | 男生玩手球,CLDR release-46 annotations
🦸‍♀,woman superhero,女超级英雄,good | hero | heroine | superhero | superpower | woman,女人 | 女超级英雄 | 好人 | 英雄 | 超能力,CLDR release-46 annotations
🦸‍♂,man superhero,男超级英雄,good | hero | man | superhero | superpower,好人 | 男人 | 男超级英雄 | 英雄 | 超能力,CLDR release-46 annotations
🦹‍♀,woman supervillain,女超级大坏蛋,bad | criminal | evil | superpower | supervillain | villain | woman,坏蛋 | 女人 | 女超级大坏蛋 | 罪犯 | 超能力,CLDR release-46 annotations
🦹‍♂,man supervillain,男超级大坏蛋,bad | criminal | evil | man | superpower | supervillain | villain,坏蛋 | 男人 | 男超级大坏蛋 | 罪犯 | 超能力,CLDR release-46 annotations
🧍‍♀,woman standing,站立的女人,stand | standing | woman,女 | 站着 | 站立 | 站立的女人,CLDR release-46 annotations
🧍‍♂,man standing,站立的男人,man | stand | standing,男 | 站着 | 站立 | 站立的男人,CLDR release-46 annotations
🧎‍♀,woman kneeling,跪下的女人,kneel | kneeling | knees | woman,下跪 | 女 | 跪下的女人 | 跪坐,CLDR release-46 annotations
🧎‍♂,man kneeling,跪下的男人,kneel | kneeling | knees | man,下跪 | 男 | 跪下的男人 | 跪坐,CLDR release-46 annotations
🧏‍♀,deaf woman,失聪的女人,accessibility | deaf | ear | gesture | hear | woman,听力障碍 | 失聪的女人 | 女 | 耳朵 | 聋,CLDR release-46 annotations
🧏‍♂,deaf man,失聪的男人,accessibility | deaf | ear | gesture | hear | man,听力障碍 | 失聪的男人 | 男 | 耳朵 | 聋,CLDR release-46 annotations
🧑‍⚕,health worker,卫生工作者,doctor | health | healthcare | nurse | therapist | worker,医生 | 卫生工作者 | 护士 | 治疗师,CLDR release-46 annotations
🧑‍⚖,judge,法官,judge | justice | law | scales,法官 | 法律,CLDR release-46 annotations
🧑‍✈,pilot,飞行员,pilot | plane,飞机 | 飞行员,CLDR release-46 annotations
🧑‍🌾,farmer,农民,farmer | gardener | rancher,农民 | 园丁,CLDR release-46 annotations
🧑‍🍳,cook,厨师,chef | cook,做饭 | 厨师 | 大厨,CLDR release-46 annotations
🧑‍🍼,person feeding baby,哺乳的人,baby | feed | feeding | nanny | newborn | nursing | parent,人 | 人物 | 保姆 | 哺乳 | 哺乳的人 | 哺育 | 喂养 | 婴儿 | 宝宝 | 新生儿,CLDR release-46 annotations
🧑‍🎄,Mx Claus,圣诞人,celebration | Christmas | claus | fairy | fantasy | holiday | merry | Mx | santa | tale | xmas,人 | 人物 | 圣诞 | 圣诞人 | 圣诞帽 | 圣诞快乐 | 圣诞老人 | 圣诞老公公 | 节日,CLDR release-46 annotations
🧑‍🎓,student,学生,graduate | student,学生 | 毕业 | 毕业生,CLDR release-46 annotations
🧑‍🎤,singer,歌手,actor | entertainer | rock | rockstar | singer | star,摇滚歌手 | 明星 | 歌手 | 演员 | 艺人,CLDR release-46 annotations
🧑‍🎨,artist,艺术家,artist | palette,画家 | 艺术家,CLDR release-46 annotations
🧑‍🏫,teacher,老师,instructor | lecturer | professor | teacher,教师 | 教授 | 老师,CLDR release-46 annotations
🧑‍🏭,factory worker,工人,assembly | factory | industrial | worker,工业 | 工人 | 工厂 | 装配,CLDR release-46 annotations
🧑‍💻,technologist,程序员,coder | computer | developer | inventor | software | technologist,发明 | 开发人员 | 码农 | 程序员 | 软件,CLDR release-46 annotations
🧑‍💼,office worker,白领,architect | business | manager | office | white-collar | worker,商人 | 建筑师 | 白领 | 经理,CLDR release-46 annotations
🧑‍🔧,mechanic,技工,electrician | mechanic | plumber | tradesperson,技工 | 水管工 | 电工,CLDR release-46 annotations
🧑‍🔬,scientist,科学家,biologist | chemist | engineer | mathematician | physicist | scientist,化学家 | 工程学家 | 物理学家 | 生物学家 | 科学家,CLDR release-46 annotations
🧑‍🚀,astronaut,宇航员,astronaut | rocket | space,宇航员 | 火箭,CLDR release-46 annotations
🧑‍🚒,firefighter,消防员,fire | firefighter | firetruck,消防员 | 消防车,CLDR release-46 annotations
🧑‍🦯,person with white cane,拄盲杖的人,accessibility | blind | cane | person | probing | white,拄盲杖的人 | 无障碍 | 盲,CLDR release-46 annotations
🧑‍🦼,person in motorized wheelchair,坐电动轮椅的人,accessibility | motorized | person | wheelchair,坐电动轮椅的人 | 无障碍 | 轮椅,CLDR release-46 annotations
🧑‍🦽,person in manual wheelchair,坐手动轮椅的人,accessibility | manual | person | wheelchair,坐手动轮椅的人 | 无障碍 | 轮椅,CLDR release-46 annotations
🧑‍🧒,"family: adult, child",单亲一孩家庭,adult | child | family,一孩 | 单亲 | 单亲一孩家庭 | 孩子 | 家庭,CLDR release-46 annotations
🧔‍♀,woman: beard,有络腮胡子的女人,beard | bearded | whiskers | woman,女人 | 有络腮胡子的女人 | 胡子,CLDR release-46 annotations
🧔‍♂,man: beard,有络腮胡子的男人,beard | bearded | man | whiskers,有络腮胡子的男人 | 男人 | 胡子,CLDR release-46 annotations
🧖‍♀,woman in steamy room,蒸房里的女人,day | luxurious | pamper | relax | room | sauna | spa | steam | steambath | unwind | woman,女性桑拿 | 桑拿 | 蒸房里的女人,CLDR release-46 annotations
🧖‍♂,man in steamy room,蒸房里的男人,day | luxurious | man | pamper | relax | room | sauna | spa | steam | steambath | unwind,桑拿 | 蒸房里的男人 | 男性桑拿,CLDR release-46 annotations
🧗‍♀,woman climbing,攀爬的女人,climb | climber | climbing | mountain | rock | scale | up | woman,攀爬的女人 | 登山者,CLDR release-46 annotations
🧗‍♂,man climbing,攀爬的男人,climb | climber | climbing | man | mountain | rock | scale | up,攀爬的男人 | 登山者,CLDR release-46 annotations
🧘‍♀,woman in lotus position,盘腿的女人,cross | legged | legs | lotus | meditation | peace | position | relax | serenity | woman | yoga | yogi | zen,尼姑 | 比丘尼 | 瑜伽女 | 盘腿的女人,CLDR release-46 annotations
🧘‍♂,man in lotus position,盘腿的男人,cross | legged | legs | lotus | man | meditation | peace | position | relax | serenity | yoga | yogi | zen,和尚 | 瑜伽男 | 盘腿的男人,CLDR release-46 annotations
🧙‍♀,woman mage,女法师,fantasy | mage | magic | play | sorcerer | sorceress | sorcery | spell | summon | witch | wizard | woman,女巫 | 女法师 | 女魔术师,CLDR release-46 annotations
🧙‍♂,man mage,男法师,fantasy | mage | magic | man | play | sorcerer | sorceress | sorcery | spell | summon | witch | wizard,男巫 | 男法师 | 男魔术师,CLDR release-46 annotations
🧚‍♀,woman fairy,仙女,fairy | fairytale | fantasy | myth | person | pixie | tale | Titania | wings | woman,仙女 | 女精灵 | 妖精王后,CLDR release-46 annotations
🧚‍♂,man fairy,仙人,fairy | fairytale | fantasy | man | myth | Oberon | person | pixie | Puck | tale | wings,仙人 | 仙男 | 天卫十五 | 天卫四 | 男精灵,CLDR release-46 annotations
🧛‍♀,woman vampire,女吸血鬼,blood | fangs | halloween | scary | supernatural | teeth | undead | vampire | woman,女不死族 | 女吸血鬼,CLDR release-46 annotations
🧛‍♂,man vampire,男吸血鬼,blood | fangs | halloween | man | scary | supernatural | teeth | undead | vampire,男不死族 | 男吸血鬼,CLDR release-46 annotations
🧜‍♀,mermaid,美人鱼,creature | fairytale | folklore | mermaid | merwoman | ocean | sea | siren | trident,女人鱼 | 美人鱼,CLDR release-46 annotations
🧜‍♂,merman,男人鱼,creature | fairytale | folklore | merman | Neptune | ocean | Poseidon | sea | siren | trident | Triton,特里同 | 男人鱼,CLDR release-46 annotations
🧝‍♀,woman elf,女小精灵,elf | elves | enchantment | fantasy | folklore | magic | magical | myth | woman,女小精灵 | 女性魔术,CLDR release-46 annotations
🧝‍♂,man elf,男小精灵,elf | elves | enchantment | fantasy | folklore | magic | magical | man | myth,男小精灵 | 男性魔术,CLDR release-46 annotations
🧞‍♀,woman genie,女妖怪,djinn | fantasy | genie | jinn | lamp | myth | rub | wishes | woman,女妖怪 | 女神灵,CLDR release-46 annotations
🧞‍♂,man genie,男妖怪,djinn | fantasy | genie | jinn | lamp | man | myth | rub | wishes,男妖怪 | 男神灵,CLDR release-46 annotations
🧟‍♀,woman zombie,女僵尸,apocalypse | dead | halloween | horror | scary | undead | walking | woman | zombie,女僵尸 | 女行尸走肉,CLDR release-46 annotations
🧟‍♂,man zombie,男僵尸,apocalypse | dead | halloween | horror | man | scary | undead | walking | zombie,男僵尸 | 男行尸走肉,CLDR release-46 annotations
🧑‍🤝‍🧑,people holding hands,手拉手的两个人,bae | bestie | bff | couple | dating | flirt | friends | hand | hold | people | twins,两个人手牵手 | 人 | 情侣 | 手 | 手拉手的两个人 | 手牵手的人 | 拉手 | 握手 | 牵手,CLDR release-46 annotations
🧑‍🧑‍🧒,"family: adult, adult, child",一孩家庭,adult | child | family,一孩 | 一孩家庭 | 家庭 | 父母 | 独生子女,CLDR release-46 annotations
🧑‍🧒‍🧒,"family: adult, child, child",单亲二孩家庭,adult | child | family,二孩 | 单亲 | 单亲二孩家庭 | 孩子 | 家庭,CLDR release-46 annotations
🧑‍🧑‍🧒‍🧒,"family: adult, adult, child, child",二孩家庭,adult | child | family,二孩 | 二孩家庭 | 家庭 | 父母 | 非独生子女,CLDR release-46 annotations
